,county,arson_num_fire_cause,campfire_num_fire_cause,debris_burning_num_fire_cause,equip_use_num_fire_cause,ltng_num_fire_cause,misc_num_fire_cause,p-w-f_num_fire_cause,powerline_num_fire_cause,railroad_num_fire_cause,smoking_num_fire_cause,undet_num_fire_cause,vehicle_num_fire_cause,.25_acres_or_<_num_fire_size,.26-9.99_acres_num_fire_size,10-99_acres_num_fire_size,100-299_acres_num_fire_size,300-999_acres_num_fire_size,1000-4999_acres_num_fire_size,5000_acres_>_num_fire_size,arson_num_acres_cause,campfire_num_acres_cause,debris_burning_num_acres_cause,equip_use_num_acres_cause,ltng_num_acres_cause,misc_num_acres_cause,p-w-f_num_acres_cause,powerline_num_acres_cause,railroad_num_acres_cause,smoking_num_acres_cause,undet_num_acres_cause,vehicle_num_acres_cause,brush_num_acres_veg,grass_num_acres_veg,timber_num_acres_veg,woodland_num_acres_veg,other_num_acres_veg,arson_dollar_cause,campfire_dollar_cause,debris_burning_dollar_cause,equip_use_dollar_cause,ltng_dollar_cause,misc_dollar_cause,p-w-f_dollar_cause,powerline_dollar_cause,railroad_dollar_cause,smoking_dollar_cause,undet_dollar_cause,vehicle_dollar_cause,.25_acres_or_<_dollar_size,.26-9.99_acres_dollar_size,10-99_acres_dollar_size,100-299_acres_dollar_size,300-999_acres_dollar_size,1000-4999_acres_dollar_size,5000_acres_>_dollar_size,year,region,county_year,labor_force,employment,unemployment,unemployment_rate
0,Alameda,0,0,1,8,0,12,0,1,0,21,2,2,12,26,4,2,1,0,0,0,0,0,21,0,206,0,100,0,0,516,7,0,693,0,0,157,0,0,0,100400,0,93300,0,20000,0,0,50750,0,2500,101250,100,110000,50600,0,0,2010,1,Alameda_2010,782542,697117,85417,0.109153246726693
1,Amador,0,0,15,4,0,19,0,2,0,0,1,0,25,15,1,0,0,0,0,0,0,6,7,0,28,0,1,0,0,0,0,1,31,0,7,3,0,0,5000,0,0,0,0,0,0,0,0,0,0,5000,0,0,0,0,0,2010,1,Amador_2010,15508,13327,2182,0.140701573381481
2,Butte,8,1,13,14,0,24,0,3,0,2,18,1,38,40,6,1,0,0,0,33,0,8,25,0,74,0,0,0,1,48,2,4,98,14,2,72,1500,0,2,1350,0,155002,0,500,0,0,301500,0,106000,33852,320002,0,0,0,0,2010,1,Butte_2010,102550,88317,14242,0.138878595806923
3,Calaveras,7,2,10,12,2,24,0,8,0,2,18,0,45,38,1,1,0,0,0,5,2,8,66,2,124,0,6,0,1,16,0,2,149,7,2,69,3200,200,1552,42865,800,1175,0,5800,0,20,"$41,1$51",0,31772,53791,11200,0,0,96763,31772,2010,0,Calaveras_2010,21012,17977,3035,0.144441271654293
4,Colusa,1,0,1,0,0,0,0,0,0,2,0,0,0,4,0,0,0,0,0,3,0,3,0,0,0,0,0,0,0,1,0,0,7,0,0,0,0,0,0,0,0,0,0,0,0,0,0,0,0,0,0,0,0,0,0,2010,1,Colusa_2010,11519,9118,2401,0.208438232485459
5,Contra Costa,0,1,1,2,0,25,0,1,0,9,1,1,26,10,2,2,0,0,0,0,0,0,4,0,314,0,1,0,0,87,3,0,19,180,0,210,0,5000,0,5000,0,56000,0,0,0,0,8500,0,5000,5000,8500,56000,0,0,0,2010,1,Contra Costa_2010,525550,467908,57642,0.109679383502997
6,Del Norte,6,0,0,0,0,12,0,1,0,0,5,0,17,7,0,0,0,0,0,20,0,0,0,0,1,0,0,0,0,1,0,0,18,0,0,4,0,0,0,0,0,0,0,0,0,0,0,0,0,0,0,0,0,0,0,2010,1,Del Norte_2010,10932,9489,1442,0.131906330040249
7,E. San Joaquin,0,0,0,0,0,1,0,2,0,0,3,1,3,3,1,0,0,0,0,0,0,0,0,0,3,0,1,0,0,2,10,0,17,0,0,0,0,0,0,0,0,300,0,250,0,0,700,7000,50,1200,7000,0,0,8250,50,2010,0,E. San Joaquin_2010,,,,
8,E. Stanislaus,7,0,1,3,0,9,0,1,0,2,8,1,15,16,1,0,0,0,0,50,0,0,6,0,5,0,1,0,1,11,1,0,71,0,0,3,19800,0,0,1100,0,400,0,45700,0,100,1500,200,50,48950,19800,0,0,68800,50,2010,0,E. Stanislaus_2010,243275,202192,41092,0.168911725413627
9,E. Trinity,0,0,2,2,0,5,0,1,2,2,0,0,9,5,0,0,0,0,0,0,0,0,9,0,5,0,0,0,2,1,0,4,2,1,8,1,0,0,0,0,0,500,0,0,0,200,1000,0,500,1200,0,0,0,0,0,2010,1,E. Trinity_2010,5422,4500,922,0.17004795278495
10,El Dorado,5,0,36,7,0,37,0,3,0,3,17,1,69,38,2,0,0,0,0,6,0,17,4,0,15,0,71,0,10,10,1,5,102,1,1,24,0,0,2200,0,0,50,0,0,0,0,50400,0,250,52400,0,0,0,0,0,2010,1,El Dorado_2010,91125,80000,11133,0.122172839506173
11,Fresno,2,0,5,7,0,10,0,6,0,1,19,1,13,36,1,1,0,0,0,1,0,12,12,0,16,0,7,0,3,308,1,0,51,1,4,304,0,0,14000,6000,0,2222,0,500,0,0,278200,1700,0,24422,3200,275000,0,302622,0,2010,0,Fresno_2010,439617,366233,73375,0.166906648287032
12,Glenn,0,0,1,2,0,0,0,0,0,1,0,0,0,4,0,0,0,0,0,0,0,1,2,0,0,0,0,0,0,5,0,0,8,0,0,0,0,0,0,4000,0,0,0,0,0,0,0,0,0,4000,0,0,0,0,0,2010,1,Glenn_2010,13218,11181,2039,0.154259343319716
13,Humboldt,4,3,5,6,0,26,0,8,0,3,26,0,56,24,0,1,0,0,0,3,1,3,3,0,215,0,4,0,0,21,0,1,231,6,0,12,0,1200,0,150,0,275020,0,700,0,0,1800,0,276270,2600,0,0,0,0,0,2010,1,Humboldt_2010,66058,59092,6967,0.105467922129038
14,Inyo,3,0,1,0,1,1,0,1,0,0,6,1,12,2,0,0,0,0,0,1,0,0,0,0,0,0,0,0,0,1,0,1,1,0,0,1,0,0,0,0,0,0,0,0,0,0,0,7500,0,7500,0,0,0,7500,0,2010,0,Inyo_2010,9753,8807,948,0.097200861273454
15,Kings,0,0,0,0,0,0,0,0,0,0,1,0,0,1,0,0,0,0,0,0,0,0,0,0,0,0,0,0,0,0,0,0,0,0,0,0,0,0,0,0,0,0,0,0,0,0,0,0,0,0,0,0,0,0,0,2010,0,Kings_2010,59442,49858,9583,0.161215975236365
16,Lake,4,1,2,10,0,9,0,3,3,12,1,1,20,24,0,0,1,0,0,0,1,1,10,0,17,0,13,0,0,462,0,456,38,1,0,11,0,0,0,0,0,0,0,0,0,0,1000,0,0,1000,0,0,0,0,0,2010,1,Lake_2010,29847,25344,4503,0.150869434113981
17,Lassen,2,0,4,2,5,15,0,0,0,2,4,0,22,9,2,1,0,0,0,10,0,0,76,3,240,0,0,0,1,1,0,249,71,2,9,1,24,0,2,60000,1201,1835,0,0,0,18,0,0,2863,217,60000,0,0,0,0,2010,1,Lassen_2010,12100,10402,1699,0.140413223140496
18,Madera,0,0,4,3,2,17,0,0,0,0,21,1,23,23,2,0,0,0,0,0,0,8,4,0,13,0,0,0,0,132,0,21,128,2,0,5,0,0,2000,0,0,500,0,0,0,0,2840,0,820,2900,1620,0,0,5340,820,2010,0,Madera_2010,61600,51358,10250,0.166396103896104
19,Mariposa,0,0,4,8,0,10,0,2,0,0,6,1,10,17,4,0,0,0,0,0,0,9,70,0,87,0,5,0,0,4,0,0,111,0,0,64,0,0,10200,5000,0,4996,0,0,0,0,100,0,100,15660,4536,0,0,20296,100,2010,0,Mariposa_2010,8708,7583,1127,0.129421221864952
20,Mendocino,8,1,11,15,0,23,0,4,0,1,23,1,45,36,6,0,0,0,0,4,0,9,68,0,15,0,3,0,0,134,0,4,162,9,0,60,1210,0,0,3700,0,0,0,500,0,0,6300,20000,21710,3200,6800,0,0,0,0,2010,1,Mendocino_2010,41602,36772,4830,0.116100187490986
21,Merced,1,0,1,4,0,3,0,3,0,1,14,1,6,11,5,4,1,1,0,2,0,2,300,0,465,0,164,0,57,2067,3,0,3040,0,0,19,0,0,0,2700,0,0,0,0,0,0,47000,0,0,0,2700,3000,0,49700,0,2010,0,Merced_2010,113575,93192,20375,0.179396874312129
22,Modoc,1,0,1,0,5,7,0,0,0,0,2,0,10,5,1,0,0,0,0,1,0,1,0,82,1,0,0,0,0,1,0,81,2,1,1,1,8,0,4,0,1250,52,0,0,0,0,50,0,204,512,648,0,0,0,0,2010,1,Modoc_2010,3818,3237,580,0.151911995809324
23,Monterey,3,0,5,10,0,19,0,3,0,1,10,2,16,26,11,0,0,0,0,4,0,77,105,0,181,0,13,0,2,19,2,23,370,1,0,9,0,0,2000,18200,0,7350,0,0,0,0,200,0,0,1250,26500,0,0,27750,0,2010,0,Monterey_2010,215792,188342,27458,0.12724290057092
24,Napa,3,1,6,6,0,6,0,2,1,20,3,3,14,29,5,0,0,0,0,53,0,6,48,0,5,0,1,0,1,55,2,6,129,2,0,34,0,0,0,200025,0,0,0,200,0,0,1500,0,0,1725,200000,0,0,0,0,2010,1,Napa_2010,70225,62983,7242,0.10312566749733
25,Nevada,3,2,19,5,0,18,0,2,0,1,22,0,37,35,0,0,0,0,0,1,0,17,8,0,12,0,3,0,0,14,0,8,24,3,7,13,0,0,0,9500,0,0,0,5000,0,0,"$1,,500",0,0,16000,0,0,0,0,0,2010,1,Nevada_2010,48915,43179,5737,0.117285086374323
26,Placer,8,0,7,17,0,30,0,3,0,1,44,0,48,57,5,0,0,0,0,5,0,15,28,0,130,0,0,0,0,111,0,3,209,2,6,69,200,0,10000,2050,0,13001,0,0,0,0,12309,0,1652,22908,13000,0,0,0,0,2010,1,Placer_2010,173342,153233,20108,0.116001892213082
27,Plumas,0,0,1,1,0,3,0,0,0,0,2,0,6,1,0,0,0,0,0,0,0,0,1,0,0,0,0,0,0,0,0,0,0,0,0,1,0,0,0,0,0,10,0,0,0,0,0,0,10,0,0,0,0,0,0,2010,1,Plumas_2010,9147,7479,1670,0.182573521373128
28,Riverside,6,0,7,33,7,47,0,10,0,6,64,3,45,113,17,4,3,1,0,15,0,74,1209,616,1809,0,13,0,4,798,10,1917,2487,8,0,135,0,0,0,1000,0,35450,0,5025,0,0,12000,0,25,53450,0,0,0,53475,25,2010,0,Riverside_2010,976442,841275,135150,0.138410678770475
29,Sacramento,4,0,1,3,0,5,0,6,0,0,4,0,5,15,2,1,0,0,0,15,0,1,9,0,9,0,177,0,0,2,0,0,192,0,0,21,0,0,1000,2800,0,0,0,0,0,0,0,0,0,3800,0,0,0,0,0,2010,1,Sacramento_2010,683125,596983,86133,0.126086733760293
30,San Benito,2,2,2,4,0,6,0,1,0,0,4,1,4,12,6,0,0,0,0,20,1,28,15,0,85,0,1,0,0,6,1,20,83,0,0,53,50000,0,0,0,0,12000,0,15,0,0,0,0,0,15,62000,0,0,62015,0,2010,0,San Benito_2010,27900,23708,4217,0.151146953405018
31,San Bernardino,8,0,16,8,6,28,0,4,0,0,46,0,52,60,4,0,0,0,0,16,0,1,9,3,41,0,81,0,0,169,0,88,205,0,0,28,400,0,0,400,0,0,0,1000,0,0,4000,0,0,800,5000,0,0,5800,0,2010,0,San Bernardino_2010,890267,769892,120392,0.135231340710146
32,San Diego,7,0,16,18,8,40,0,3,0,0,43,1,65,59,7,3,1,1,0,9,0,9,50,156,2037,0,1,0,0,1324,8,1234,2276,1,0,83,0,0,0,5700,0,9300,0,0,0,0,10550,10000,10350,15200,0,0,10000,35550,10350,2010,0,San Diego_2010,1515200,1352258,162933,0.107532338965153
33,San Joaquin,0,0,1,1,0,5,0,0,0,0,3,0,4,6,0,0,0,0,0,0,0,1,1,0,4,0,0,0,0,1,0,0,3,0,0,3,0,0,0,0,0,0,0,0,0,0,0,0,0,0,0,0,0,0,0,2010,1,San Joaquin_2010,311442,259975,51442,0.165173611780042
34,San Luis Obispo,0,0,7,18,1,21,0,2,0,0,29,1,23,48,4,3,0,1,0,0,0,59,408,1,284,0,2,0,0,1259,4,29,1940,1,0,48,0,0,1566,40900,0,3501,0,0,0,0,801,7500,3568,10100,100,40500,0,54268,3568,2010,0,San Luis Obispo_2010,133650,120200,13442,0.100576131687243
35,San Mateo,0,0,0,1,0,5,0,2,0,1,6,0,8,7,0,0,0,0,0,0,0,0,1,0,3,0,3,0,0,5,0,3,7,1,0,0,0,0,0,0,0,100,0,0,0,0,1500,0,0,1600,0,0,0,0,0,2010,1,San Mateo_2010,393008,360158,32833,0.08354282864471
36,Santa Clara,4,0,1,7,0,12,0,0,1,11,1,1,12,22,3,0,0,0,0,5,0,4,31,0,6,0,0,0,0,22,1,2,59,2,0,5,0,0,1000,2900,0,1500,0,0,0,0,0,0,1500,3400,500,0,0,0,0,2010,1,Santa Clara_2010,926517,830108,96417,0.104063929749805
37,Santa Cruz,5,0,3,4,0,16,0,4,0,0,13,1,25,21,0,0,0,0,0,3,0,1,1,0,10,0,1,0,0,5,1,3,13,5,0,2,1,0,700,0,0,198000,0,0,0,0,50,2200,751,200200,0,0,0,0,0,2010,1,Santa Cruz_2010,141708,122875,18842,0.13296355886753
38,Shasta,5,3,19,15,1,26,0,1,1,38,0,0,36,67,5,1,0,0,0,2,2,28,67,0,208,0,1,0,1,104,0,54,109,20,1,229,0,0,3500,64200,0,6700,0,0,0,0,27550,0,15000,41750,45200,0,0,0,0,2010,1,Shasta_2010,78508,65342,13175,0.167817292505222
39,Sierra,0,0,0,0,0,0,0,0,0,0,3,0,0,3,0,0,0,0,0,0,0,0,0,0,0,0,0,0,0,4,0,0,0,2,0,2,0,0,0,0,0,0,0,0,0,0,10000,0,0,10000,0,0,0,0,0,2010,1,Sierra_2010,1611,1365,248,0.153941651148355
40,Siskiyou,2,0,9,5,12,12,0,2,1,12,2,2,37,18,2,0,0,0,0,0,0,1,4,7,32,0,7,0,2,8,0,10,23,4,2,23,0,0,500,50,0,4000,0,0,0,0,0,2500,2700,4350,0,0,0,0,0,2010,1,Siskiyou_2010,19629,16325,3304,0.168322380151816
41,Solano,0,0,2,3,0,4,0,0,0,5,0,0,2,11,1,0,0,0,0,0,0,3,47,0,6,0,0,0,0,12,0,0,66,0,0,2,0,0,0,10250,0,400,0,0,0,0,500,0,250,900,10000,0,0,0,0,2010,1,Solano_2010,202400,176983,25442,0.125701581027668
42,Sonoma,1,0,7,9,0,31,0,7,1,15,4,4,36,36,3,0,0,0,0,0,0,5,27,0,95,0,97,0,1,10,0,3,219,3,0,9,0,0,40,100750,0,15000,0,224450,0,0,0,0,1500,108790,229950,0,0,0,0,2010,1,Sonoma_2010,244633,218092,26517,0.108395024383464
43,Tehama,0,0,5,13,0,17,0,3,2,16,3,3,25,31,3,0,0,0,0,0,0,0,50,0,24,0,2,0,0,126,0,0,108,126,0,5,0,0,5200,10200,0,2500,0,30100,0,1300,1100,0,10700,38700,1000,0,0,0,0,2010,1,Tehama_2010,25714,21754,3961,0.154040600451116
44,Tulare,20,0,3,15,1,10,0,2,0,0,24,1,28,31,11,4,2,0,0,313,0,2,1033,62,945,0,2,0,0,162,0,0,1590,0,0,929,6100,0,0,23090,620,28085,0,0,0,0,0,0,0,7605,22490,5370,22430,57895,0,2010,0,Tulare_2010,203008,168108,34908,0.171953814627995
45,Tuolumne,1,0,5,4,2,18,0,2,0,0,24,3,16,36,7,0,0,0,0,1,0,4,32,2,34,0,8,0,0,195,21,2,272,3,8,13,0,0,400,9450,0,16200,0,500,0,0,52752,44200,40800,25802,56900,0,0,123502,40800,2010,0,Tuolumne_2010,22617,19173,3445,0.152319052040501
46,W. San Joaquin,0,0,0,1,0,9,0,2,0,9,0,0,9,8,3,1,0,0,0,0,0,0,100,0,1,0,93,0,0,24,0,0,214,0,0,4,0,0,0,11000,0,6500,0,14500,0,0,100,0,6500,100,14500,11000,0,0,0,2010,1,W. San Joaquin_2010,,,,
47,W. Stanislaus,1,0,0,5,0,10,0,1,0,7,2,2,7,16,2,0,1,0,0,1,0,0,612,0,4,0,5,0,0,94,2,0,715,0,0,1,0,0,0,133500,0,200,0,0,0,0,8100,500,200,3500,8600,0,130000,0,0,2010,1,W. Stanislaus_2010,243275,202192,41092,0.168911725413627
48,W. Trinity,0,0,0,0,0,0,0,0,0,0,0,0,0,0,0,0,0,0,0,0,0,0,0,0,0,0,0,0,0,0,0,0,0,0,0,0,0,0,0,0,0,0,0,0,0,0,0,0,0,0,0,0,0,0,0,2010,1,W. Trinity_2010,5422,4500,922,0.17004795278495
49,Yolo,0,0,1,3,0,1,0,0,0,4,0,0,1,7,1,0,0,0,0,0,0,0,7,0,1,0,0,0,0,31,0,0,39,0,0,0,0,0,0,2,0,0,0,0,0,0,0,0,0,2,0,0,0,0,0,2010,1,Yolo_2010,102183,89842,12342,0.120783300549015
50,Yuba,4,0,6,2,0,9,0,3,0,2,16,0,16,24,1,0,0,1,0,2,0,12,16,0,1517,0,4,0,1,37,0,1512,51,0,0,25,0,0,0,0,0,10000,0,0,0,0,7500,0,0,17500,0,0,0,0,0,2010,1,Yuba_2010,29058,23900,5167,0.177816780232638
51,Alameda,1,0,0,9,0,16,0,5,0,0,14,4,15,24,7,1,2,0,0,545,0,0,730,0,116,0,24,0,0,15,77,4,1421,0,0,82,137000,0,0,339250,0,7900,0,2500,,0,500,600,60000,3900,14850,22000,387000,0,0,2011,1,Alameda_2011,786767,707383,79367,0.10087738809584
52,Amador,1,0,10,6,0,21,0,2,0,0,8,3,25,23,3,0,0,0,0,4,0,24,5,0,29,0,7,0,0,17,28,0,90,2,1,22,0,0,200,0,0,1000,0,0,0,0,3000,0,3000,1200,0,0,0,0,0,2011,1,Amador_2011,15095,13040,2056,0.136204041073203
53,Butte,24,1,29,16,2,48,0,9,0,2,27,6,94,62,8,0,0,0,0,20,0,45,29,0,33,0,13,0,1,103,32,2,163,51,5,55,0,0,32000,46400,0,2000,0,0,0,0,25200,20000,2200,123400,0,0,0,0,0,2011,1,Butte_2011,100650,86883,13758,0.136691505216095
54,Calaveras,5,1,37,11,3,45,1,2,0,2,25,2,63,62,8,0,1,0,0,0,0,28,189,6,865,0,5,0,12,39,1,153,216,761,1,15,100,0,59076,44300,2000,170975,0,20000,0,4800,21075,0,1926,104750,215650,0,0,0,0,2011,0,Calaveras_2011,20670,17769,2899,0.140251572327044
55,Colusa,3,1,0,2,0,2,0,0,0,0,3,0,6,3,2,0,0,0,0,2,0,0,4,0,1,0,0,0,0,70,0,0,77,0,0,0,0,0,0,13000,0,0,0,0,,0,0,0,0,13000,0,0,0,0,0,2011,1,Colusa_2011,11377,8961,2416,0.212358266678386
56,Contra Costa,3,0,3,5,1,32,0,1,0,0,21,2,27,32,8,1,0,0,0,18,0,1,57,7,259,0,12,0,0,118,3,2,404,0,13,55,2000,0,0,2000,0,660800,0,1200,,0,18450,200,650000,3450,31200,0,0,0,0,2011,1,Contra Costa_2011,529575,475000,54542,0.102992021904357
57,Del Norte,2,1,3,1,0,4,0,0,0,0,6,0,14,3,0,0,0,0,0,1,0,0,0,0,0,0,0,0,0,2,0,0,3,0,0,0,0,0,0,0,0,0,0,0,0,0,0,0,0,0,0,0,0,0,0,2011,1,Del Norte_2011,10895,9446,1448,0.132905002294631
58,E. San Joaquin,1,0,0,1,0,4,0,0,0,0,1,0,1,5,1,0,0,0,0,1,0,0,0,0,8,0,0,0,0,17,0,0,26,0,0,0,100,0,0,7000,0,6110,0,0,0,0,0,0,7000,6210,0,0,0,0,0,2011,0,E. San Joaquin_2011,,,,
59,E. Stanislaus,3,3,0,3,1,22,0,1,0,1,16,2,12,29,7,2,1,1,0,259,0,0,59,1122,431,0,3,0,1,276,6,1,2073,0,0,84,103200,35,0,8800,224400,17250,0,600,0,0,13310,9200,35,17950,29610,104800,0,224400,0,2011,0,E. Stanislaus_2011,242308,202367,39967,0.16494296515179
60,E. Trinity,3,1,1,2,0,10,0,3,0,1,5,2,6,20,2,0,0,0,0,13,1,1,1,0,8,0,32,0,1,10,2,31,26,8,1,3,0,0,0,100,0,0,0,10000,,1000,5000,0,100,6000,10000,0,0,0,0,2011,1,E. Trinity_2011,5386,4488,897,0.166542888971407
61,El Dorado,2,0,42,18,2,53,0,7,0,1,14,4,105,37,1,0,0,0,0,5,0,43,13,0,22,0,9,0,0,3,12,1,32,43,1,32,0,0,10000,3100,0,9700,0,2500,0,0,100,30000,10300,45100,0,0,0,0,0,2011,1,El Dorado_2011,89692,79192,10508,0.117156491102885
62,Fresno,5,1,13,24,2,38,0,11,0,0,14,2,14,74,18,4,0,0,0,20,7,35,307,30,367,0,226,0,0,309,18,11,734,3,16,554,2000,500,200,15650,0,62335,0,5200,0,0,3200,20000,40802,24833,14450,29000,0,0,0,2011,0,Fresno_2011,443508,370225,73283,0.165234899934161
63,Glenn,0,0,0,0,0,1,0,0,0,0,1,0,0,2,0,0,0,0,0,0,0,0,0,0,1,0,0,0,0,1,0,0,2,0,0,0,0,0,0,0,0,0,0,0,,0,0,0,0,0,0,0,0,0,0,2011,1,Glenn_2011,13168,11123,2044,0.155224787363305
64,Humboldt,5,1,14,3,0,17,0,3,0,1,32,4,43,33,3,0,1,0,0,2,0,150,3,0,504,0,2,0,0,24,11,3,532,122,1,37,0,0,400,30000,0,37,0,1000,0,1000,100001,1500,130037,3901,0,0,0,0,0,2011,1,Humboldt_2011,65100,58225,6875,0.105606758832565
65,Inyo,2,1,2,3,1,0,0,0,0,1,3,0,8,2,0,0,2,0,1,1,0,395,5305,0,0,0,0,0,0,850,0,6545,5,1,0,0,0,0,0,20000,0,0,0,0,0,0,7,0,0,0,0,0,7,0,20000,2011,0,Inyo_2011,9682,8742,941,0.097190663086139
66,Kings,0,0,0,2,0,2,0,0,0,0,1,0,1,2,2,0,0,0,0,0,0,0,11,0,36,0,0,0,0,1,0,0,0,0,0,48,0,0,0,1000,0,200,0,0,0,0,0,0,200,400,600,0,0,0,0,2011,0,Kings_2011,59117,49717,9400,0.159006715496389
67,Lake,2,2,11,2,0,16,0,2,0,2,20,0,22,32,3,0,0,0,0,1,0,14,2,0,15,0,3,0,2,45,0,0,32,1,2,48,100,0,40,1000,0,520600,0,0,,0,13100,0,1640,533200,0,0,0,0,0,2011,1,Lake_2011,29611,25310,4302,0.145283847218939
68,Lassen,3,0,10,3,8,4,1,1,0,0,5,1,23,11,2,0,0,0,0,4,0,9,0,0,3,0,13,0,0,27,1,12,14,4,4,25,100,0,9022,300,274,10,0,10,0,0,200,0,574,9332,10,0,0,0,0,2011,1,Lassen_2011,11787,10190,1596,0.135403410537032
69,Madera,2,1,14,7,1,16,1,3,0,0,27,1,35,27,10,1,0,0,0,2,2,10,113,0,106,1,31,0,0,436,1,26,667,3,4,2,200,0,100,2025,0,500,0,15000,0,0,8320,0,225,5820,17200,2900,0,0,0,2011,0,Madera_2011,62008,52000,10017,0.161543671784286
70,Mariposa,1,0,10,6,1,18,0,1,0,0,12,0,27,18,4,0,0,0,0,1,0,24,10,0,53,0,4,0,0,19,0,36,66,0,1,9,0,0,10001,100,0,2,0,3400,0,0,500,0,3,3500,10500,0,0,0,0,2011,0,Mariposa_2011,8662,7519,1141,0.131724774878781
71,Mendocino,13,2,21,10,0,36,1,2,0,2,38,3,46,81,0,0,1,0,0,22,2,20,19,0,659,1,1,0,1,38,3,12,75,37,1,641,800,0,0,0,0,4012,0,0,0,0,26200,50000,11000,67011,0,0,3001,0,0,2011,1,Mendocino_2011,40953,36284,4668,0.113984323492784
72,Merced,0,0,0,2,0,8,0,2,0,0,10,1,2,13,5,1,2,0,0,0,0,0,61,0,30,0,39,0,0,693,575,40,1351,0,0,6,0,0,0,60000,0,0,0,0,0,0,9780,11300,0,0,60000,0,21080,0,0,2011,0,Merced_2011,114725,94500,20233,0.176360862933101
73,Modoc,0,0,3,1,3,18,0,0,0,0,4,0,17,11,1,0,0,0,0,0,0,4,0,10,18,0,0,0,0,1,0,6,0,0,0,27,0,0,500,200,50,32,0,0,0,0,1100,0,250,1632,0,0,0,0,0,2011,1,Modoc_2011,3620,3041,578,0.159668508287293
74,Monterey,6,1,9,16,0,27,0,5,0,0,7,1,27,29,13,1,2,0,0,22,0,54,276,0,977,0,446,0,0,6,20,883,916,1,0,1,250,0,400,220,0,132586,0,30420,0,0,1100,100,601,1730,2745,0,160000,0,0,2011,0,Monterey_2011,216558,189133,27400,0.126524995613184
75,Napa,0,0,3,6,0,10,0,2,0,0,8,1,10,17,2,0,1,0,0,0,0,6,21,0,72,0,3,0,0,517,0,5,103,1,0,510,0,0,0,0,0,754050,0,300,,0,0,0,0,4350,750000,0,0,0,0,2011,1,Napa_2011,70750,63850,6925,0.097879858657244
76,Nevada,2,1,15,6,3,15,0,1,0,2,14,0,37,21,1,0,0,0,0,2,0,20,2,0,11,0,0,0,2,7,0,3,6,17,1,17,0,0,50,29700,0,500,0,0,0,0,100,0,29000,1350,0,0,0,0,0,2011,1,Nevada_2011,49021,43591,5432,0.110809653005855
77,Placer,1,1,13,9,1,22,0,7,0,3,20,1,39,39,0,0,0,0,0,3,0,14,11,0,14,0,4,0,1,10,2,2,38,6,0,12,0,0,5050,500,0,7300,0,41050,0,0,1650,0,1900,53650,0,0,0,0,0,2011,1,Placer_2011,173742,154917,18817,0.108304267246837
78,Plumas,2,0,2,0,1,2,0,0,0,0,2,0,5,1,0,0,0,0,0,2,0,1,0,0,0,0,0,0,0,1,0,1,0,1,0,2,0,0,750,0,0,0,0,0,0,0,0,0,750,0,0,0,0,0,0,2011,1,Plumas_2011,8889,7327,1564,0.175947800652492
79,Riverside,7,0,12,29,5,53,0,10,1,7,78,6,59,120,26,2,1,0,0,13,0,16,255,8,382,0,31,1,4,1597,11,217,1767,4,0,330,0,0,0,157600,0,51000,0,17000,0,0,51000,59000,0,254600,81000,0,0,0,0,2011,0,Riverside_2011,978508,849625,128875,0.131705617123212
80,Sacramento,2,0,0,2,0,7,0,1,0,0,3,0,4,9,2,0,0,0,0,0,0,0,1,0,38,0,16,0,0,3,0,0,53,0,0,7,0,0,0,0,0,0,0,0,0,0,0,0,0,0,0,0,0,0,0,2011,1,Sacramento_2011,680000,597692,82308,0.121041176470588
81,San Benito,2,0,1,5,0,8,0,3,0,0,4,0,4,16,3,0,0,0,0,4,0,1,54,0,12,0,7,0,0,41,0,1,114,0,0,4,0,0,0,3195,0,20,0,0,0,0,5000,0,30,185,8000,0,0,0,0,2011,0,San Benito_2011,28283,24167,4117,0.145564473358555
82,San Bernardino,5,0,5,19,3,40,1,5,0,3,21,0,46,44,8,3,0,1,0,0,0,2,20,2,296,1,15,0,2,1653,0,63,503,0,0,1426,0,0,0,39002,0,108,0,0,0,0,380700,0,2000,137802,8,0,0,280000,0,2011,0,San Bernardino_2011,888500,774175,114367,0.12871918964547
83,San Diego,6,0,8,28,8,57,0,9,0,2,77,1,87,86,18,3,0,1,1,14138,0,23,136,220,374,0,239,0,1,2306,2,16883,461,2,0,93,5000,0,0,99800,0,232162,0,500,0,0,3500,1000,9762,94200,232000,0,0,1000,5000,2011,0,San Diego_2011,1524567,1367242,157333,0.103198481929623
84,San Joaquin,0,0,0,1,0,4,0,0,0,0,2,0,2,5,0,0,0,0,0,0,0,0,5,0,15,0,0,0,0,2,0,0,18,0,0,5,0,0,0,0,0,0,0,0,0,0,0,0,0,0,0,0,0,0,0,2011,1,San Joaquin_2011,311367,260992,50367,0.161760880247425
85,San Luis Obispo,2,0,9,24,1,54,0,6,0,0,27,3,59,57,7,1,1,1,0,1,0,17,1957,1,62,0,67,0,0,243,44,6,2366,2,0,17,0,0,0,89300,0,28900,0,3000,0,0,2000,0,25000,28700,56000,2000,0,11500,0,2011,0,San Luis Obispo_2011,134358,121500,12867,0.09576653418479
86,San Mateo,0,0,0,2,0,5,0,0,0,0,3,0,4,6,0,0,0,0,0,0,0,0,2,0,2,0,0,0,0,2,0,1,3,2,0,0,0,0,0,0,0,0,0,0,0,0,0,0,0,0,0,0,0,0,0,2011,1,San Mateo_2011,399875,369825,30042,0.075128477649265
87,Santa Clara,2,2,2,6,0,13,0,5,0,0,8,0,20,14,4,0,0,0,0,0,0,1,51,0,43,5,0,0,0,13,0,5,78,1,0,29,0,0,0,16500,0,8000,0,0,,0,0,0,200,7200,17100,0,0,0,0,2011,1,Santa Clara_2011,939833,852408,87425,0.093021845370401
88,Santa Cruz,0,2,6,5,0,27,0,9,0,0,11,0,41,19,0,0,0,0,0,0,0,4,3,0,8,0,1,0,0,4,0,0,4,11,0,5,0,0,1,2000,0,11025,0,400,0,0,0,0,11425,2001,0,0,0,0,0,2011,1,Santa Cruz_2011,141350,122842,18458,0.130583657587549
89,Shasta,12,1,27,11,18,51,1,4,0,3,29,1,76,74,8,0,0,0,0,6,0,69,15,5,101,1,19,0,3,127,1,34,188,36,49,40,200,0,14800,1000,0,100,0,2500,,1000,14000,0,3500,19100,11000,0,0,0,0,2011,1,Shasta_2011,77042,64758,12275,0.159328677864022
90,Sierra,0,0,0,0,0,0,0,0,0,0,5,0,0,4,1,0,0,0,0,0,0,0,0,0,0,0,0,0,0,14,0,0,0,11,1,2,0,0,0,0,0,0,0,0,0,0,0,0,0,0,0,0,0,0,0,2011,1,Sierra_2011,1602,1363,239,0.149188514357054
91,Siskiyou,1,0,13,4,8,20,1,1,0,0,5,4,34,18,4,0,0,0,0,1,0,22,18,24,21,1,0,0,0,13,0,3,62,1,9,24,0,0,0,1000,0,250402,0,0,0,0,0,40000,41200,250202,0,0,0,0,0,2011,1,Siskiyou_2011,19437,16135,3301,0.169830735195761
92,Solano,1,0,4,2,0,2,0,0,0,0,6,1,2,12,1,0,1,0,0,715,0,3,16,0,2,0,0,0,0,15,0,0,749,0,0,0,0,0,0,2500,0,20,0,0,,0,500,0,0,520,2500,0,0,0,0,2011,1,Solano_2011,202242,177625,24625,0.121760069619565
93,Sonoma,0,1,9,9,0,29,0,6,0,0,17,3,43,30,1,0,0,0,0,0,1,6,35,0,9,0,5,0,0,14,1,0,53,5,1,10,0,0,0,5100,0,271100,0,201,,0,0,0,201,276200,0,0,0,0,0,2011,1,Sonoma_2011,246150,220950,25208,0.10240910014219
94,Sutter,0,0,0,0,0,1,0,0,0,0,3,0,0,1,1,2,0,0,0,0,0,0,0,0,112,0,0,0,0,245,0,0,117,0,0,240,0,0,0,0,0,0,0,0,0,0,0,0,0,0,0,0,0,0,0,2011,1,Sutter_2011,45942,37600,8333,0.181380871533673
95,Tehama,2,0,8,11,0,45,0,2,0,2,13,0,37,37,8,1,0,0,0,20,0,105,41,0,125,0,1,0,2,29,0,1,164,2,0,157,300,0,520,2100,0,2200,0,80000,,1000,700,0,20,84300,2500,0,0,0,0,2011,1,Tehama_2011,25575,21744,3829,0.149716520039101
96,Tulare,10,1,4,3,2,14,0,3,0,1,18,1,20,27,4,1,4,1,0,29,0,0,1213,31,803,0,2,0,0,1377,0,31,3393,0,0,30,2425,0,100,24460,1000,12000,0,500,0,0,36200,0,500,28075,3600,0,20250,24260,0,2011,0,Tulare_2011,203475,168700,34783,0.170944833517631
97,Tuolumne,2,0,31,2,0,66,0,2,0,1,16,1,76,41,2,2,0,0,0,8,0,29,1,0,154,0,2,0,1,134,6,9,171,20,1,134,900,0,1831,0,0,604567,0,600,0,0,35484,1200,9605,9334,578443,47200,0,0,0,2011,0,Tuolumne_2011,22724,19440,3284,0.144516810420701
98,W. San Joaquin,0,0,1,1,0,9,0,0,0,0,9,1,11,7,2,1,0,0,0,0,0,5,5,0,1,0,0,0,0,278,1,0,251,0,0,39,0,0,0,0,0,1000,0,0,,0,57450,0,1000,250,14200,43000,0,0,0,2011,1,W. San Joaquin_2011,,,,
99,W. Stanislaus,0,0,1,4,0,3,0,2,0,0,5,2,5,11,1,0,0,0,0,0,0,6,35,0,0,0,3,0,0,6,2,0,51,0,0,1,0,0,900,3300,0,0,0,400,,0,5500,0,0,6800,3300,0,0,0,0,2011,1,W. Stanislaus_2011,242308,202367,39967,0.16494296515179
100,W. Trinity,0,0,0,0,0,0,0,0,0,0,1,0,0,1,0,0,0,0,0,0,0,0,0,0,0,0,0,0,0,1,0,0,0,1,0,0,0,0,0,0,0,0,0,0,0,0,0,0,0,0,0,0,0,0,0,2011,1,W. Trinity_2011,5386,4488,897,0.166542888971407
101,Yolo,0,0,6,4,0,3,0,0,0,0,9,1,5,14,4,0,0,0,0,0,0,53,36,0,68,0,0,0,0,49,1,0,205,1,0,1,0,0,0,35000,0,0,0,0,,0,2,0,0,35002,0,0,0,0,0,2011,1,Yolo_2011,101808,89808,12000,0.117868929750118
102,Yuba,3,0,5,7,0,18,0,3,0,1,16,2,14,33,5,2,1,0,0,11,0,31,23,0,325,0,365,0,6,88,5,0,229,1,11,611,100,0,0,175200,0,41261,0,40000,0,0,0,62600,500,77901,175000,25760,40000,0,0,2011,1,Yuba_2011,28958,24033,4900,0.169210580841218
103,Alameda,0,0,0,0,0,3,0,5,0,0,7,0,3,9,3,0,0,0,0,0,0,0,0,0,17,0,83,0,0,15,0,0,114,0,0,1,0,0,0,0,0,1500,0,14000,0,0,1600,0,0,1800,15300,0,0,0,0,2012,1,Alameda_2012,798417,729050,69358,0.086869392811025
104,Amador,1,2,17,6,8,11,0,3,0,0,5,2,34,18,3,0,0,0,0,0,7,9,29,41,1,0,1,0,0,13,1,5,41,1,15,40,0,0,200,6000,0,0,0,0,0,0,1000,0,1000,6200,0,0,0,0,0,2012,1,Amador_2012,14672,12874,1799,0.122614503816794
105,Butte,6,0,15,13,0,19,7,4,0,2,29,19,53,56,4,1,0,0,0,20,0,11,75,0,2,5,106,0,1,41,50,110,107,10,63,21,0,0,10050,700,0,300000,10,5500,0,0,60900,59600,15610,346150,75000,0,0,0,0,2012,1,Butte_2012,100992,88717,12292,0.121712610899873
106,Calaveras,16,1,38,11,31,20,5,6,0,0,30,3,87,66,7,1,0,0,0,20,0,36,174,204,21,3,4,0,0,97,10,142,310,28,28,61,10177,0,3989,101861,29400,5571,277,605,0,0,13485,900,1762,106113,56390,2000,0,0,0,2012,0,Calaveras_2012,20201,17705,2496,0.123558239691104
107,Colusa,0,0,0,1,0,0,0,0,0,0,7,0,1,1,3,0,1,2,0,0,0,0,1,0,0,0,0,0,0,4284,0,3740,545,0,0,0,0,0,0,0,0,0,0,0,0,0,0,0,0,0,0,0,0,0,0,2012,1,Colusa_2012,11272,8936,2338,0.207416607523066
108,Contra Costa,2,0,0,2,0,1,0,4,0,0,10,2,10,9,1,1,0,0,0,2,0,0,32,0,0,0,4,0,0,6,101,0,144,1,0,0,1,0,0,15000,0,2000,0,200,0,0,250,0,2100,351,15000,0,0,0,0,2012,1,Contra Costa_2012,535775,487875,47892,0.089388269329476
109,Del Norte,23,3,3,0,0,1,0,1,0,0,4,0,25,5,5,0,0,0,0,121,0,0,0,0,0,0,0,0,0,1,0,0,5,116,0,1,100000,0,200,0,0,105,0,0,0,0,8000,0,8305,0,100000,0,0,0,0,2012,1,Del Norte_2012,10497,9076,1422,0.135467276364676
110,E. San Joaquin,2,0,1,4,0,0,0,0,0,0,2,0,0,7,2,0,0,0,0,11,0,1,71,0,0,0,0,0,0,4,0,0,87,0,0,0,2200,0,200,14700,0,0,0,0,0,0,800,0,0,5000,12900,0,0,0,0,2012,0,E. San Joaquin_2012,311842,267083,44758,0.143527812161287
111,E. Stanislaus,3,1,1,2,0,5,0,0,0,0,9,1,9,11,2,0,0,0,0,1,0,18,6,0,6,0,0,0,0,14,0,0,32,0,0,13,0,0,250,600,0,600,0,0,0,0,2325,100,25,1400,2450,0,0,0,0,2012,0,E. Stanislaus_2012,241975,205950,36025,0.148879016427317
112,E. Trinity,1,2,5,1,0,1,0,5,0,0,5,2,9,13,0,0,0,0,0,5,0,5,0,0,0,0,3,0,0,6,1,3,5,1,6,5,3500,0,0,0,0,0,0,0,0,0,200,1700,1900,3500,0,0,0,0,0,2012,1,E. Trinity_2012,5332,4551,781,0.146474118529632
113,El Dorado,6,1,41,18,17,32,3,13,0,7,20,11,121,42,5,1,0,0,0,8,0,48,24,9,128,0,23,0,1,7,49,5,169,3,17,103,48000,0,4750,7000,0,78301,0,7000,0,0,2001,10100,45101,57051,43000,12000,0,0,0,2012,1,El Dorado_2012,89058,79967,9100,0.102180601405825
114,Fresno,10,1,6,14,3,13,0,18,0,1,19,10,25,58,11,1,0,0,0,34,1,3,50,13,50,0,88,0,138,176,21,4,373,3,0,194,900,0,0,18500,1320,8001,0,10350,0,4000,702020,200,1500,513451,226340,4000,0,0,0,2012,0,Fresno_2012,440033,373458,66575,0.151295471021492
115,Glenn,0,1,0,1,0,0,0,0,0,0,4,0,3,3,0,0,0,0,0,0,0,0,3,0,0,0,0,0,0,2,0,0,5,0,0,0,0,0,0,0,0,0,0,0,0,0,200,0,0,200,0,0,0,0,0,2012,1,Glenn_2012,13148,11282,1867,0.14199878308488
116,Humboldt,15,13,10,3,1,4,0,9,0,0,26,7,52,34,1,1,0,0,0,16,136,2,2,0,0,0,11,0,0,47,2,2,163,42,0,9,0,500,0,0,0,0,0,16000,0,0,11500,15000,18500,24500,0,0,0,0,0,2012,1,Humboldt_2012,64258,58125,6167,0.095972485916151
117,Inyo,1,3,2,0,1,2,0,0,0,1,8,1,10,9,0,0,0,0,0,1,5,3,0,0,3,0,0,0,1,6,2,2,15,1,0,3,0,0,0,0,0,0,0,0,0,0,0,0,0,0,0,0,0,0,0,2012,0,Inyo_2012,9558,8691,867,0.090709353421218
118,Kings,0,0,0,0,1,1,0,1,0,0,3,0,0,5,1,0,0,0,0,0,0,0,0,3,2,0,44,0,0,3,0,0,50,0,0,2,0,0,0,0,500,0,0,3100,0,0,0,0,0,500,3100,0,0,0,0,2012,0,Kings_2012,58808,50058,8758,0.148925316283499
119,Lake,1,2,9,7,1,6,2,6,0,0,33,7,24,45,2,0,1,1,1,0,0,16,9,10,8,1,317,0,0,7979,15,17,8299,19,0,20,0,0,67000,20,0,0,0,2000020,0,0,1202700,5000,5020,69720,0,0,2000000,1200000,0,2012,1,Lake_2012,29509,25740,3772,0.127825409197194
120,Lassen,0,0,3,2,13,3,1,0,0,0,2,1,12,10,2,1,0,0,0,0,0,25,0,7,258,0,0,0,0,8,0,34,3,255,0,6,0,0,500,0,0,422380,0,0,0,0,2,30,0,132,500,422280,0,0,0,2012,1,Lassen_2012,11472,10041,1428,0.124476987447699
121,Madera,6,3,13,1,0,11,1,4,0,1,25,7,42,26,4,0,0,0,0,15,0,5,7,0,8,0,49,0,0,88,16,45,118,1,5,19,1450,0,0,500,0,0,0,500,0,0,6260,350,1250,2150,5660,0,0,0,0,2012,0,Madera_2012,62542,53492,9025,0.144303028364939
122,Mariposa,2,1,18,5,0,5,1,4,0,1,6,5,23,24,0,0,0,1,0,0,6,16,10,0,4,0,1702,0,0,8,4,0,1741,4,5,0,0,0,0,2,0,0,0,80200,0,0,0,0,2,5200,0,0,0,75000,0,2012,0,Mariposa_2012,8376,7353,1022,0.122015281757402
123,Mendocino,5,7,17,6,1,5,7,12,0,2,31,9,45,47,7,1,1,1,0,16,4522,12,3,8,3,4,247,0,1,497,20,13,4812,83,0,425,0,4618,500,300,0,1001,2,1260000,0,0,0,5500,17301,2,0,1250000,0,4618,0,2012,1,Mendocino_2012,40953,36840,4112,0.10040778453349
124,Merced,0,0,0,0,1,2,0,1,0,0,9,2,2,12,0,0,1,0,0,0,0,0,0,3,1,0,434,0,0,16,2,0,453,0,0,3,0,0,0,0,0,0,0,0,0,0,4000,0,0,4000,0,0,0,0,0,2012,0,Merced_2012,115017,96250,18783,0.163306293852213
125,Modoc,1,0,3,0,2,2,0,0,0,0,1,0,3,6,0,0,0,0,0,0,0,9,0,2,1,0,0,0,0,1,0,6,7,0,0,0,0,0,0,0,0,50,0,0,0,0,0,0,0,50,0,0,0,0,0,2012,1,Modoc_2012,3612,3092,520,0.143964562569214
126,Monterey,5,5,8,8,2,11,2,18,0,1,6,9,33,35,6,0,0,1,0,15,2,11,2649,3,92,2,33,0,0,4,6,51,2739,16,2,9,7600,0,3500,421836,0,4500,500,2402,0,0,0,4017,10668,380052,15700,0,0,37935,0,2012,0,Monterey_2012,217783,192600,25200,0.115711510999481
127,Napa,0,1,7,3,0,2,0,5,0,1,8,6,12,20,0,1,0,0,0,0,1,206,5,0,2,0,6,0,3,10,3,205,19,2,7,3,0,0,6000,3000,0,0,0,13500,0,0,103,65000,1000,81603,0,5000,0,0,0,2012,1,Napa_2012,71808,65750,6075,0.084600601604278
128,Nevada,3,4,24,7,2,6,1,10,0,2,23,8,42,48,0,0,0,0,0,5,4,15,9,2,4,0,11,0,2,14,6,11,19,14,5,23,0,0,20800,2080,0,3000,0,19200,0,0,50,23700,24030,44800,0,0,0,0,0,2012,1,Nevada_2012,48363,43650,4715,0.097491884291711
129,Placer,3,2,20,7,4,12,0,4,2,0,39,18,64,46,0,0,0,1,0,2650,1,17,11,1,8,0,4,0,0,23,9,2661,21,6,0,36,110000,0,6500,0,0,2102,0,0,0,0,2551,104202,104854,10501,0,0,0,110000,0,2012,1,Placer_2012,174917,158550,16375,0.09361582922186
130,Plumas,0,1,3,0,0,0,1,0,0,0,3,0,5,2,0,1,0,0,0,0,0,1,0,0,0,0,0,0,0,100,0,100,0,0,1,0,0,0,0,0,0,0,0,0,0,0,5,0,5,0,0,0,0,0,0,2012,1,Plumas_2012,8487,7114,1372,0.161659007894427
131,Riverside,9,3,15,11,8,27,6,8,0,8,69,8,69,82,13,2,4,2,0,54,2,16,919,2750,489,2,440,0,7,1570,7,3645,2162,4,0,445,0,0,150000,650250,250500,320000,0,11000,0,2001,105200,5500,120751,363000,500,100200,660000,250000,0,2012,0,Riverside_2012,987075,872258,114833,0.116336651216979
132,Sacramento,0,0,0,3,0,2,0,0,0,1,6,0,5,4,3,0,0,0,0,0,0,0,50,0,3,0,0,0,14,22,0,0,82,0,0,7,0,0,0,125012,0,135900,0,0,0,0,0,0,0,135912,125000,0,0,0,0,2012,1,Sacramento_2012,681283,609683,71592,0.105084084000335
133,San Benito,1,0,4,2,2,4,0,3,0,0,1,4,9,11,1,0,0,0,0,1,0,5,9,1,36,0,2,0,0,1,0,5,49,0,0,1,1000,0,0,0,0,480,0,0,0,0,0,0,0,1000,480,0,0,0,0,2012,0,San Benito_2012,28675,24933,3742,0.130496948561465
134,San Bernardino,3,9,19,3,12,24,5,10,0,4,28,6,86,30,5,1,0,1,0,1,111,5,1,91,6,2,7,0,3,1128,111,152,1301,1,0,12,0,0,250,0,0,1150,0,25500,0,0,6200,200,26400,700,6200,0,0,0,0,2012,0,San Bernardino_2012,892208,790425,101792,0.114089987984865
135,San Diego,7,3,15,16,12,27,1,9,0,0,65,7,76,64,16,0,2,2,2,3,1,8,23,24851,1055,0,18,0,0,9211,43,3238,162,7,0,31806,0,0,0,2,2,100000,0,10700,0,0,900311,100,201,704,10210,0,200000,800000,0,2012,0,San Diego_2012,1540433,1399875,140567,0.091251615617167
136,San Luis Obispo,0,4,8,9,2,51,2,14,1,1,32,12,90,41,2,2,1,0,0,0,1,77,644,150,172,1,18,1,1,25,31,723,386,3,0,9,0,0,0,6500,0,150,0,22000,0,0,650,14500,11100,20700,12000,0,0,0,0,2012,0,San Luis Obispo_2012,137350,126042,11342,0.082577357116855
137,San Mateo,2,2,0,2,1,2,0,3,0,0,3,0,8,6,1,0,0,0,0,2,1,0,3,1,0,0,13,0,0,0,0,0,17,1,0,2,0,20000,0,0,0,100,0,5002,0,0,0,0,100,20002,5000,0,0,0,0,2012,1,San Mateo_2012,412050,385658,26375,0.064009222181774
138,Santa Clara,1,4,2,1,0,7,0,5,0,0,9,5,16,18,0,0,0,0,0,1,2,8,0,0,1,0,1,0,0,10,3,1,17,1,1,6,0,0,3000,0,0,100,0,0,0,0,202,1000,200,4102,0,0,0,0,0,2012,1,Santa Clara_2012,958283,882967,75283,0.078560300036628
139,Santa Cruz,0,5,9,1,1,10,3,7,0,0,5,2,28,14,0,1,0,0,0,0,3,110,1,0,2,2,2,0,0,1,1,1,3,15,0,103,0,60,45000,1000,0,0,0,110,0,0,0,23500,12110,57560,0,0,0,0,0,2012,1,Santa Cruz_2012,142058,125250,16808,0.118317870165707
140,Shasta,13,7,24,21,15,22,3,14,0,2,42,8,49,112,5,4,0,1,0,12,72,36,235,180,374,2,1116,0,0,97,10,1215,573,23,47,276,0,500,1000,8900,100,0,0,60200,0,0,2500,11500,10500,43500,700,0,0,30000,0,2012,1,Shasta_2012,76008,65225,10775,0.141761393537522
141,Sierra,0,0,0,0,0,0,0,0,0,0,1,0,0,1,0,0,0,0,0,0,0,0,0,0,0,0,0,0,0,2,0,0,0,0,0,2,0,0,0,0,0,0,0,0,0,0,0,0,0,0,0,0,0,0,0,2012,1,Sierra_2012,1469,1258,210,0.142954390742001
142,Siskiyou,3,3,32,4,4,22,1,1,0,2,23,3,63,29,3,3,0,0,0,2,4,458,1,6,4,100,0,0,0,16,1,0,145,232,110,105,0,1000,4815,0,0,0,100,0,0,0,5500,0,3100,7900,315,100,0,0,0,2012,1,Siskiyou_2012,18877,15928,2945,0.15600995920962
143,Solano,2,1,2,2,0,1,0,2,0,2,7,0,6,9,3,1,0,0,0,115,1,1,4,0,17,0,7,0,1,89,0,0,222,0,0,13,400,1000,0,0,0,0,0,200,0,900,12,0,900,1202,10,400,0,0,0,2012,1,Solano_2012,202675,180992,21667,0.106905143702973
144,Sonoma,3,7,17,11,0,25,1,19,0,1,33,11,74,50,4,0,0,0,0,2,2,8,6,0,3,0,40,0,1,47,14,3,73,7,1,39,3000,0,0,51,0,300,0,1900,0,0,101535,585100,735,691151,0,0,0,0,0,2012,1,Sonoma_2012,246292,224458,21808,0.088545303948159
145,Tehama,2,1,9,14,2,16,1,5,0,0,23,3,30,34,8,2,1,0,1,1648,0,7,264,27678,158,99,5,0,0,84,342,2,828,0,0,27808,200,20,20400,859300,15000000,540000,0,15000,0,0,42500,12000,520,72800,1354100,50000,12000,0,15000000,2012,1,Tehama_2012,25248,21782,3468,0.137357414448669
146,Tulare,7,1,2,3,1,3,0,6,0,0,11,4,17,15,6,0,0,0,0,27,0,0,25,0,6,0,6,0,0,122,1,0,187,0,0,0,251,0,0,275,5,100,0,1050,0,0,7225,0,75,1331,7500,0,0,0,0,2012,0,Tulare_2012,201283,168767,32525,0.16158841034762
147,Tuolumne,1,2,15,10,5,13,3,7,0,2,24,3,40,39,4,1,1,0,0,1,1,11,126,10,0,26,11,0,1,985,2,69,1052,3,1,49,0,0,900,802,3100,0,4820,1701,0,0,37370,200,221,15372,5300,23000,5000,0,0,2012,0,Tuolumne_2012,22314,19419,2895,0.129739177198172
148,W. San Joaquin,0,0,0,0,0,1,0,0,0,0,0,3,0,2,1,1,0,0,0,0,0,0,0,0,6,0,0,0,0,0,198,0,204,0,0,0,0,0,0,0,0,600,0,0,0,0,0,20000,0,600,20000,0,0,0,0,2012,1,W. San Joaquin_2012,311842,267083,44758,0.143527812161287
149,W. Stanislaus,0,0,0,1,0,0,0,1,0,0,1,7,5,4,1,0,0,0,0,0,0,0,0,0,0,0,3,0,0,38,3,0,44,0,0,0,0,0,0,0,0,0,0,0,0,0,0,0,0,0,0,0,0,0,0,2012,1,W. Stanislaus_2012,241975,205950,36025,0.148879016427317
150,Yolo,2,0,1,3,0,0,1,1,0,0,6,1,6,4,0,3,1,0,1,251,0,0,529,0,0,0,0,0,0,19265,137,19005,526,0,0,651,0,0,0,4,0,0,0,0,0,0,0,0,0,4,0,0,0,0,0,2012,1,Yolo_2012,102608,91692,10925,0.106473179479183
151,Yuba,1,0,6,6,0,10,1,4,1,0,15,3,10,34,3,0,0,0,0,0,0,10,4,0,51,1,13,1,0,13,24,21,68,2,0,26,0,0,0,2100,0,0,0,35000,0,0,0,250100,0,37200,250000,0,0,0,0,2012,1,Yuba_2012,28825,24392,4442,0.154102341717259
152,Alameda,1,0,1,8,0,1,0,7,0,1,15,12,13,20,11,2,0,0,0,0,0,1,65,0,1,0,256,0,240,85,195,1,839,0,0,3,0,0,400,21050,25300,0,0,0,0,10000,11875,73500,2250,3702,117923,18250,0,0,0,2013,1,Alameda_2013,802817,744767,58050,0.072307885856926
153,Amador,5,0,20,5,0,14,1,7,0,0,10,2,44,18,1,1,0,0,0,4,0,9,2,0,2,100,100,0,0,2,2,4,112,2,0,103,500,0,0,50,0,0,0,1500,0,0,0,0,1500,550,0,0,0,0,0,2013,1,Amador_2013,14450,12960,1490,0.103114186851211
154,Butte,13,6,39,9,15,50,8,15,0,2,42,11,131,64,10,3,1,1,0,22,4,107,2283,5,549,2,197,0,0,7102,41,96,963,74,2,2281,100000,2000,36100,10000,55524,2,0,625000,0,0,15150,0,25152,21100,119000,0,625000,53524,0,2013,1,Butte_2013,101750,91267,10483,0.103027027027027
155,Calaveras,4,3,22,11,0,7,3,9,0,1,30,8,40,53,5,0,0,0,0,3,2,20,13,0,22,2,38,0,1,82,28,87,99,10,2,13,402,125,1592,9720,13100,0,0,6600,0,100,14205,2800,3145,20499,25000,0,0,0,0,2013,0,Calaveras_2013,20255,18243,2012,0.099333497901753
156,Colusa,0,0,0,1,1,1,0,0,0,0,4,2,4,5,0,0,0,0,0,0,0,0,2,1,0,0,0,0,0,8,0,2,9,0,0,0,0,0,0,0,20,0,0,0,0,0,900,100,100,920,0,0,0,0,0,2013,1,Colusa_2013,11292,9157,2137,0.189249025859015
157,Contra Costa,7,1,1,4,0,3,0,4,0,0,22,1,25,10,5,1,1,1,0,1,0,1,60,0,3101,0,505,0,0,300,3,1,3732,0,0,238,110,0,100,4100,3400,0,0,105000,0,0,200,0,5110,500,3300,0,4000,100000,0,2013,1,Contra Costa_2013,538008,497667,40325,0.07495241706443
158,Del Norte,1,4,1,0,1,1,0,0,0,0,3,1,7,5,0,0,0,0,0,0,11,1,0,0,0,0,0,0,0,2,1,0,5,1,8,1,0,0,20,0,0,0,0,0,0,0,0,0,0,20,0,0,0,0,0,2013,1,Del Norte_2013,10329,9108,1222,0.118307677413109
159,E. San Joaquin,0,0,0,4,0,0,0,0,0,0,3,0,0,3,3,0,1,0,0,0,0,0,377,0,0,0,0,0,0,31,0,0,384,0,0,24,0,0,0,0,70000,0,0,0,0,0,5500,0,0,100,15400,0,60000,0,0,2013,0,E. San Joaquin_2013,,,,
160,E. Stanislaus,2,1,0,1,0,0,0,2,0,0,15,2,9,11,3,0,0,0,0,1,1,0,1,0,0,0,0,0,0,79,0,0,62,0,0,20,210,0,0,5000,50,0,0,0,0,0,6620,0,5110,5270,1500,0,0,0,0,2013,0,E. Stanislaus_2013,240975,209783,31192,0.129440813362382
161,E. Trinity,4,2,7,2,13,1,0,6,0,2,1,2,18,22,0,0,0,0,0,1,1,5,2,8,1,0,2,0,1,1,1,0,5,6,3,9,0,0,250,0,2000,0,0,0,0,0,0,0,0,2250,0,0,0,0,0,2013,1,E. Trinity_2013,5191,4572,621,0.119630129069543
162,El Dorado,5,5,66,24,4,63,8,18,0,4,18,21,170,59,5,3,0,0,0,11,9,32,164,1,8,3,48,0,118,3,189,62,371,22,6,125,0,20000,1200,533150,217100,3200,0,739413,0,650000,0,4500,19150,1016913,480500,652000,0,0,0,2013,1,El Dorado_2013,88592,81058,7542,0.085131840346758
163,Fresno,3,0,8,10,5,5,2,12,0,0,15,4,16,41,4,3,0,0,0,8,0,3,62,105,17,1,20,0,0,279,14,4,364,1,0,140,7000,0,0,17000,11300,500,0,10000,0,0,12200,0,10200,15800,20000,12000,0,0,0,2013,0,Fresno_2013,437917,379867,58058,0.132577634574588
164,Glenn,0,0,1,2,5,1,0,1,0,0,4,0,8,5,0,1,0,0,0,0,0,217,2,1,0,0,1,0,0,3,0,0,223,0,0,1,0,0,2500,0,0,0,0,0,0,0,0,0,0,0,0,2500,0,0,0,2013,1,Glenn_2013,12991,11419,1572,0.121006850896775
165,Humboldt,33,10,17,6,1,13,3,3,0,2,57,4,70,73,5,1,0,0,0,23,7,15,18,0,3,3,2,0,0,138,126,12,241,32,1,49,3,0,4000,0,7500,0,5000,7000,0,0,2,25000,10001,11004,2500,25000,0,0,0,2013,1,Humboldt_2013,63058,57942,5117,0.081147514986203
166,Inyo,1,0,1,0,7,2,0,1,0,1,8,1,15,5,1,0,1,0,0,0,0,0,0,9,1,0,0,0,0,21,407,11,20,0,0,407,0,0,0,10000,0,0,0,0,0,0,350,50000,10350,0,0,0,50000,0,0,2013,0,Inyo_2013,9390,8654,737,0.078487752928648
167,Kings,0,0,0,0,0,0,0,1,0,0,1,2,2,2,0,0,0,0,0,0,0,0,0,0,0,0,1,0,0,5,0,0,1,0,0,5,0,0,0,0,0,0,0,0,0,0,0,0,0,0,0,0,0,0,0,2013,0,Kings_2013,58200,50392,7817,0.134312714776632
168,Lake,3,3,7,6,5,9,1,13,0,2,26,7,36,35,8,2,1,0,0,33,1,340,38,3,103,0,85,0,0,130,137,532,206,2,2,128,100,0,501,111000,600,0,0,240050,0,0,9050,43020,168041,110730,5000,120050,500,0,0,2013,1,Lake_2013,29260,26069,3191,0.109056732740943
169,Lassen,1,3,7,1,45,2,2,0,0,1,9,0,48,20,3,0,0,0,0,1,0,46,0,115,1,0,0,0,3,15,0,18,39,9,13,102,0,0,2,0,0,3772,0,200,0,3,1400,0,2452,925,2000,0,0,0,0,2013,1,Lassen_2013,11006,9838,1168,0.106123932400509
170,Madera,13,6,7,7,3,5,2,5,0,2,40,12,46,43,10,2,1,0,0,41,2,1,20,1,18,5,6,0,5,470,584,20,859,0,15,259,400,100,0,0,7250,0,0,0,0,0,4800,100,300,8050,4300,0,0,0,0,2013,0,Madera_2013,62267,54417,7833,0.125796971108292
171,Mariposa,0,1,7,3,0,5,0,2,0,4,13,3,16,19,3,0,0,0,0,0,0,17,15,0,5,0,1,0,3,87,4,1,105,1,0,25,0,0,0,0,300,0,0,0,0,0,0,100,0,400,0,0,0,0,0,2013,0,Mariposa_2013,8229,7364,865,0.105116052983352
172,Mendocino,12,7,29,9,10,6,5,24,1,1,37,7,78,64,3,2,1,0,0,18,2,331,24,4,7,7,215,1,0,82,5,2,274,312,0,108,0,0,10200,6002,550,2,6,0,0,0,281952,16200,32554,277358,5000,0,0,0,0,2013,1,Mendocino_2013,40837,37426,3413,0.083576168670568
173,Merced,1,0,1,1,0,0,0,4,0,3,10,0,4,12,3,1,0,0,0,124,0,1,1,0,0,0,8,0,122,30,0,0,160,0,0,126,0,0,0,0,0,0,0,0,0,0,0,0,0,0,0,0,0,0,0,2013,0,Merced_2013,114625,97992,16625,0.145038167938931
174,Modoc,0,0,1,0,15,0,1,0,1,0,3,3,7,12,4,0,1,0,0,0,0,2,0,583,0,1,0,1,0,4,38,4,98,10,0,517,0,0,32,0,0,25009,1000,0,0,0,3250,760,210,21281,8560,0,0,0,0,2013,1,Modoc_2013,3503,3072,429,0.122466457322295
175,Monterey,2,5,14,3,0,7,0,9,0,5,9,16,33,34,2,1,0,0,0,2,1,12,6,0,31,0,10,0,2,3,135,10,177,6,0,9,0,2,50,2000,40,0,0,1001,0,1,0,781,3,2492,1275,105,0,0,0,2013,0,Monterey_2013,216358,194075,22300,0.103069911905268
176,Napa,0,2,1,6,0,8,2,7,0,0,17,7,26,20,3,0,1,0,0,0,0,1,5,0,6,12,14,0,0,407,2,29,412,3,0,3,0,100,0,34000,0,0,0,2600,0,0,54040,12022,5120,89642,6000,0,2000,0,0,2013,1,Napa_2013,72817,67767,5042,0.069242072592939
177,Nevada,1,6,43,7,7,10,4,11,0,3,29,4,79,44,2,0,0,0,0,0,12,22,8,2,3,1,4,0,11,67,1,8,31,12,10,70,0,0,2606,13000,2530,0,30,0,0,2000,300002,12400,12938,17630,302000,0,0,0,0,2013,1,Nevada_2013,48170,44268,3902,0.081004774756072
178,Placer,4,4,24,19,3,12,1,15,1,1,47,12,73,66,4,0,0,0,0,3,3,27,30,2,22,0,7,19,0,59,3,6,73,7,2,87,0,0,2650,1000,4501,0,0,1000,0,0,53800,7000,8600,41351,20000,0,0,0,0,2013,1,Placer_2013,175842,162267,13583,0.077245481739289
179,Plumas,0,0,0,1,4,3,0,0,0,0,1,3,10,2,0,0,0,0,0,0,0,0,0,0,0,0,0,0,0,0,2,0,0,1,0,1,0,0,0,0,1,2,0,1020,0,0,0,251,1024,250,0,0,0,0,0,2013,1,Plumas_2013,8256,7115,1143,0.13844476744186
180,Riverside,3,6,11,8,2,44,6,10,0,3,68,63,148,59,9,5,1,0,2,5,4,14,7,3,184,43,27677,0,1,21473,49,20509,685,2,0,28264,0,0,2000,1138100,11200,0,0,404448,0,0,3188148,3234450,3638498,11700,104700,0,0,0,4223448,2013,0,Riverside_2013,996417,897725,98692,0.099046884988915
181,Sacramento,1,0,1,4,0,0,0,3,0,0,6,2,3,13,1,0,0,0,0,0,0,2,11,0,0,0,7,0,0,58,5,0,55,0,0,28,0,0,0,0,0,0,0,0,0,0,2,0,0,2,0,0,0,0,0,2013,1,Sacramento_2013,680242,619825,60408,0.088803690451339
182,San Benito,1,1,2,1,0,7,0,0,0,0,3,4,8,9,1,0,1,0,0,1,0,3,354,0,7,0,0,0,0,1,100,0,462,1,0,3,0,0,5000,0,8000,0,0,1000,0,0,0,8600,0,14600,0,0,8000,0,0,2013,0,San Benito_2013,28917,25692,3225,0.111526091918249
183,San Bernardino,8,5,21,5,6,17,5,2,2,4,21,8,74,27,2,0,1,0,0,539,2,4,13,12,4,1,1,3,2,82,3,22,635,0,0,9,0,0,0,0,5000,300,0,2000,25,0,1,0,7301,25,0,0,0,0,0,2013,0,San Bernardino_2013,896675,809050,87608,0.097703181197201
184,San Diego,11,7,7,27,1,27,3,10,0,2,86,16,99,75,15,5,0,2,1,5,6,5,215,12,49,1,16,0,5,12847,158,7215,5755,6,4,339,0,1300,0,1500,70200,0,1,2,0,0,202154,2800,103953,171800,2202,0,0,0,2,2013,0,San Diego_2013,1543183,1422383,120800,0.078279763320358
185,San Joaquin,1,0,1,2,0,0,0,0,0,0,3,1,2,4,1,0,0,0,0,1,0,1,64,0,0,0,0,0,0,1,0,0,2,0,0,65,0,0,0,0,0,0,0,0,0,0,1,0,0,1,0,0,0,0,0,2013,1,San Joaquin_2013,313100,274558,38550,0.123123602682849
186,San Luis Obispo,0,5,5,12,0,30,2,13,0,2,37,16,63,54,5,0,0,0,0,0,5,9,61,0,26,0,117,0,8,161,20,54,321,0,8,24,0,0,0,11300,1550,0,0,1100,0,0,7600,19500,17200,20250,3600,0,0,0,0,2013,0,San Luis Obispo_2013,138258,128817,9433,0.06822751667173
187,San Mateo,1,1,0,1,1,0,0,4,0,0,8,3,9,10,0,0,0,0,0,1,0,0,1,0,0,0,2,0,0,4,5,0,6,2,0,5,0,0,0,200,0,0,0,0,0,0,15,1000,215,1000,0,0,0,0,0,2013,1,San Mateo_2013,418083,396100,21992,0.052601995297585
188,Santa Clara,0,1,1,4,0,5,2,4,0,0,17,4,15,20,2,1,0,0,0,0,0,1,3,0,13,0,101,0,0,18,12,0,129,1,0,18,0,0,10000,2000,0,0,0,1200,0,0,360,0,100,10360,1100,2000,0,0,0,2013,1,Santa Clara_2013,971867,909033,62833,0.064651850510409
189,Santa Cruz,11,11,9,4,0,10,4,7,1,4,21,7,68,20,1,0,0,0,0,21,3,2,0,0,5,1,2,0,1,9,1,4,6,11,0,24,0,2,1,0,400,0,0,800,0,5,741300,7010,6508,743010,0,0,0,0,0,2013,1,Santa Cruz_2013,142075,127458,14608,0.102818933661798
190,Shasta,41,3,38,11,13,22,6,14,0,4,45,23,80,130,8,1,0,0,1,32,12,99,27,194,66,10,12,0,6,8217,18,30,8363,30,7,263,23501,0,43001,15600,5000,0,0,1200,0,600,5407791,5200,47600,55102,95000,0,0,0,5304191,2013,1,Shasta_2013,75275,66383,8900,0.118233145134507
191,Sierra,0,0,1,0,0,0,0,0,0,0,1,0,0,2,0,0,0,0,0,0,0,1,0,0,0,0,0,0,0,3,0,0,0,0,3,1,0,0,0,0,0,0,0,0,0,0,0,0,0,0,0,0,0,0,0,2013,1,Sierra_2013,1452,1268,185,0.127410468319559
192,Siskiyou,2,3,18,7,56,38,2,4,0,2,7,2,119,20,2,0,0,0,0,0,0,7,63,61,1,0,0,0,0,2,0,1,104,13,13,3,0,0,0,0,2400,1,0,0,0,0,0,0,0,400,2000,0,0,0,0,2013,1,Siskiyou_2013,18293,15888,2404,0.131416388782594
193,Solano,1,2,5,3,4,2,2,5,0,0,9,3,9,21,6,0,0,0,0,0,0,28,20,8,1,7,15,0,0,73,14,0,116,0,0,50,0,0,2,86400,220002,0,0,0,0,0,6000,15300,2,172700,155002,0,0,0,0,2013,1,Solano_2013,203067,184633,18433,0.090772996104734
194,Sonoma,11,5,25,22,18,26,4,37,0,4,36,8,109,76,8,2,0,1,0,26,6,24,210,7,9,2,3668,0,163,47,27,37,3931,14,86,121,0,0,0,9265420,21576,100,0,75500,0,0,4300,0,81520,284376,500,500,0,9000000,0,2013,1,Sonoma_2013,249958,232200,17767,0.07107994143016
195,Sutter,0,0,0,0,0,0,0,1,0,0,0,0,0,1,0,0,0,0,0,0,0,0,0,0,0,0,1,0,0,0,0,0,1,0,0,0,0,0,0,0,0,0,0,0,0,0,0,0,0,0,0,0,0,0,0,2013,1,Sutter_2013,44783,38250,6550,0.146260857914834
196,Tehama,9,0,7,10,8,11,1,9,0,1,17,3,27,39,6,3,0,0,1,0,0,0,0,0,0,0,0,0,0,6896,0,9,12117,2,5,35,0,0,0,61500,6900,300,600,15000,0,5000,254100,3000,3500,276900,5000,11000,0,0,50000,2013,1,Tehama_2013,25085,22172,2915,0.116204903328682
197,Tehama,9,0,7,10,8,11,1,9,0,1,17,3,27,39,6,3,0,0,1,7,0,107,51,209,8,1,11647,0,22,115,1,0,0,6896,0,0,0,0,0,0,0,0,0,0,0,0,0,0,0,0,0,0,0,0,0,2013,1,Tehama_2013,25085,22172,2915,0.116204903328682
198,Tulare,12,2,3,13,4,5,0,6,0,0,8,7,25,29,4,2,0,0,0,246,1,1,257,3,2,0,12,0,0,3,4,0,522,1,0,6,15000,0,0,500,15400,0,0,0,0,0,20,0,500,120,300,30000,0,0,0,2013,0,Tulare_2013,201058,172158,28883,0.143655064707696
199,Tuolumne,2,2,17,8,1,18,1,8,0,2,18,6,53,28,1,1,0,0,0,0,0,8,16,1,13,0,7,0,1,152,5,0,185,2,1,15,0,100,802,35650,66850,0,0,510,0,600,1110,1550,6300,99372,500,1000,0,0,0,2013,0,Tuolumne_2013,21750,19407,2343,0.107724137931034
200,W. San Joaquin,0,0,0,0,0,0,0,0,0,1,4,0,4,1,0,0,0,0,0,0,0,0,0,0,0,0,0,0,0,1,0,0,1,0,0,0,0,0,0,0,0,0,0,0,0,0,0,0,0,0,0,0,0,0,0,2013,1,W. San Joaquin_2013,,,,
201,W. Stanislaus,0,0,0,3,0,1,2,1,0,0,2,4,4,7,1,1,0,0,0,0,0,0,14,0,3,0,40,0,0,128,5,0,190,0,0,0,0,0,0,0,2000,0,0,90000,0,0,27100,0,0,92000,0,27100,0,0,0,2013,1,W. Stanislaus_2013,240975,209783,31192,0.129440813362382
202,Yolo,0,0,3,5,0,2,0,3,0,0,6,1,6,13,0,1,0,0,0,0,0,1,170,0,1,0,9,0,0,8,0,3,185,0,0,1,0,0,0,0,15000,0,0,0,0,0,0,0,0,15000,0,0,0,0,0,2013,1,Yolo_2013,101833,92675,9175,0.09009849459409
203,Yuba,2,0,12,9,0,4,0,5,0,1,15,3,10,37,4,0,0,0,0,1,0,15,9,0,67,0,4,0,1,123,9,0,192,2,1,34,0,0,1000,1007,5250,0,0,0,0,0,10000,17000,5000,19257,10000,0,0,0,0,2013,1,Yuba_2013,28250,24533,3725,0.131858407079646
204,Alameda,0,1,0,5,0,1,0,6,0,1,13,6,14,15,4,0,0,0,0,0,0,0,6,0,2,0,18,0,0,89,15,0,130,0,0,0,0,0,0,200550,0,25000,0,5400,0,0,17102,200,250,226002,22000,0,0,0,0,2014,1,Alameda_2014,808108,761100,47000,0.058160542897732
205,Amador,2,3,14,12,1,15,1,6,0,0,9,4,48,17,1,1,0,0,0,0,1,24,11,7,118,10,1,0,0,4,3,1,132,21,10,15,0,0,601,11000,0,141300,0,0,0,0,0,0,1500,151300,101,0,0,0,0,2014,1,Amador_2014,14347,13158,1192,0.083083571478358
206,Butte,40,2,34,9,4,47,6,11,0,2,22,15,127,59,5,0,1,0,0,85,0,17,402,1,3,5,9,0,3,26,8,22,90,390,1,56,5700,0,1003,1578,0,3500,0,4251,0,12000,105402,8300,14154,127202,0,0,378,0,0,2014,1,Butte_2014,101250,92492,8750,0.08641975308642
207,Calaveras,1,3,17,17,9,17,3,12,0,1,13,7,51,44,4,1,0,0,0,1,1,10,218,7,14,4,13,0,0,45,9,107,177,14,1,23,0,112,980,30100,77450,2025,500,620,0,25,23575,28202,13772,76217,42800,30800,0,0,0,2014,0,Calaveras_2014,20244,18625,1619,0.079974313376803
208,Colusa,0,0,0,0,0,0,1,0,0,0,0,1,0,1,1,0,0,0,0,0,0,0,0,0,0,15,0,0,0,0,1,0,1,0,0,15,0,0,0,0,0,0,0,0,0,0,0,0,0,0,0,0,0,0,0,2014,1,Colusa_2014,11085,9159,1927,0.17383852052323
209,Contra Costa,1,1,1,1,0,3,0,5,0,0,15,2,13,13,2,1,0,0,0,1,0,0,1,0,2,0,83,0,0,107,16,0,210,0,0,0,250,0,0,0,0,250,0,20000,0,0,777,3000,195,1082,23000,0,0,0,0,2014,1,Contra Costa_2014,539642,506342,33292,0.061692751861419
210,Del Norte,2,7,3,0,1,4,1,0,0,0,8,1,15,12,0,0,0,0,0,3,4,0,0,0,0,1,0,0,0,6,0,3,3,3,3,2,0,20000,0,0,0,0,0,0,0,0,75,0,0,20075,0,0,0,0,0,2014,1,Del Norte_2014,9932,8933,1002,0.100886024969795
211,E. San Joaquin,0,0,0,2,0,1,0,2,0,0,0,2,1,3,3,0,0,0,0,0,0,0,20,0,11,0,17,0,0,0,3,0,50,0,0,1,0,0,0,3800,0,2200,0,3000,0,0,0,605,5,600,9000,0,0,0,0,2014,0,E. San Joaquin_2014,,,,
212,E. Stanislaus,1,1,1,4,0,2,0,1,0,0,8,3,7,9,4,1,0,0,0,8,1,0,11,0,0,0,1,0,0,351,23,0,265,1,0,129,0,0,0,1400,0,50,0,0,0,0,5136,4000,50,1400,9136,0,0,0,0,2014,0,E. Stanislaus_2014,240975,209783,31192,0.129440813362382
213,E. Trinity,3,0,4,0,5,2,0,0,0,0,0,1,11,3,0,0,1,0,0,0,0,0,0,2,3,0,0,0,0,0,461,0,1,0,461,4,250,0,0,0,0,3000,0,0,0,0,0,150000,3250,0,0,0,150000,0,0,2014,1,E. Trinity_2014,5171,4682,487,0.094179075614001
214,El Dorado,3,3,41,18,9,32,5,11,0,4,26,22,119,49,4,0,0,1,1,97718,0,25,29,2,31,1,2,0,5,18,4254,97719,4318,18,0,30,0,0,15150,14601,0,5900,0,3000,0,135000,300,44500,159150,53901,5400,0,0,0,0,2014,1,El Dorado_2014,87908,81767,6133,0.069766119124539
215,Fresno,5,2,12,4,1,9,0,5,0,1,13,5,25,27,4,1,0,0,0,37,2,5,43,1,8,0,14,0,0,129,3,6,209,2,10,15,12260,0,140,1000000,0,0,0,5100,0,0,0,200,140,5560,1012000,0,0,0,0,2014,0,Fresno_2014,438258,387542,50725,0.115742325296971
216,Glenn,0,0,0,0,0,2,0,0,0,0,2,0,2,2,0,0,0,0,0,0,0,0,0,0,0,0,0,0,0,1,0,0,1,0,0,0,0,0,0,0,0,100,0,0,0,0,0,0,0,100,0,0,0,0,0,2014,1,Glenn_2014,12802,11440,1364,0.106545852210592
217,Humboldt,40,17,8,4,0,15,0,8,0,2,30,3,74,47,4,1,1,0,0,39,10,340,100,0,2,0,25,0,0,75,5,4,153,420,12,7,0,0,220100,13501,0,0,0,2500,0,0,11000,0,16000,21100,10000,1,200000,0,0,2014,1,Humboldt_2014,62358,58217,4150,0.066551204336252
218,Inyo,0,0,2,1,2,2,2,1,0,0,7,2,13,4,1,1,0,0,0,0,0,1,5,0,0,0,0,0,0,131,0,136,0,1,0,0,0,0,0,0,0,0,0,0,0,0,0,100000,100000,0,0,0,0,0,0,2014,0,Inyo_2014,9212,8583,629,0.068280503690838
219,Kings,0,0,0,0,0,1,0,0,0,0,0,2,2,1,0,0,0,0,0,0,0,0,0,0,5,0,0,0,0,0,1,0,1,0,0,5,0,0,0,0,0,0,0,0,0,0,0,0,0,0,0,0,0,0,0,2014,0,Kings_2014,57425,50592,6858,0.119425337396604
220,Lake,0,4,9,2,0,11,6,4,0,0,15,11,38,20,3,1,0,0,0,0,15,34,4,0,6,6,4,0,0,183,91,43,24,1,179,96,0,0,5,0,0,0,0,0,0,0,55250,14000,69005,250,0,0,0,0,0,2014,1,Lake_2014,29283,26666,2619,0.089437557627292
221,Lassen,1,2,12,2,40,1,0,0,0,0,7,2,46,19,1,0,0,0,1,0,0,12,0,13204,0,0,0,0,0,4,0,20,2,13195,1,2,0,200,200000,0,556221,0,0,0,0,0,102,0,2249,204250,24,0,0,0,550000,2014,1,Lassen_2014,10817,9833,985,0.091060367939355
222,Madera,12,4,9,3,2,12,1,2,0,1,19,7,47,22,1,0,2,0,0,2,0,4,28,0,321,0,1,0,1,633,8,617,54,1,4,322,1000,0,0,500,0,2901332,0,0,2,0,2900450,4400,452,5400,500,0,5801332,0,0,2014,0,Madera_2014,61808,54892,6933,0.112169945638105
223,Mariposa,1,2,12,1,1,1,0,5,0,1,12,2,20,15,1,2,0,0,0,0,131,4,0,0,68,0,2,0,1,30,291,0,96,1,292,138,0,0,0,0,0,0,0,0,0,0,10000,20000,0,10000,0,20000,0,0,0,2014,0,Mariposa_2014,8092,7382,711,0.087864557587741
224,Mendocino,17,6,22,6,4,34,1,11,0,2,20,15,68,62,6,0,1,0,1,23,4,19,443,12576,36,1,6,0,1,91,7,15,70,12641,1,480,1000,510,20100,1425618,0,666405,10000,52150,0,0,200,5500,461142,294723,0,0,1425618,0,0,2014,1,Mendocino_2014,40386,37560,2824,0.06992522161145
225,Merced,0,0,0,0,0,1,0,2,0,0,10,1,2,11,1,0,0,0,0,0,0,0,0,0,0,0,15,0,0,23,1,0,30,0,0,9,0,0,0,0,0,0,0,0,0,0,0,0,0,0,0,0,0,0,0,2014,0,Merced_2014,114325,99633,14658,0.128213426634594
226,Modoc,0,0,4,0,5,0,0,0,0,0,2,0,4,7,0,0,0,0,0,0,0,4,0,14,0,0,0,0,0,0,0,0,4,14,0,0,0,0,0,0,1,0,0,0,0,0,10,0,11,0,0,0,0,0,0,2014,1,Modoc_2014,3365,3021,344,0.10222882615156
227,Monterey,0,1,3,2,0,7,0,9,0,0,6,5,19,11,1,2,0,0,0,0,0,1,4,0,257,0,3,0,0,2,107,66,117,191,0,0,0,0,0,0,0,0,0,0,0,0,180,2000,2180,0,0,0,0,0,0,2014,0,Monterey_2014,217700,198033,19667,0.090339917317409
228,Napa,5,0,6,5,0,13,0,12,0,1,11,5,39,15,1,1,0,1,1,1,0,4,4331,0,6497,0,11,0,9,102,1,0,10944,7,0,5,100,0,103808,5007,0,4000,0,100,0,100,400,12500,14100,111908,0,0,0,7,0,2014,1,Napa_2014,73417,69250,4150,0.056526417587207
229,Nevada,3,4,20,5,2,7,0,7,0,3,21,3,50,22,2,1,0,0,0,0,0,18,0,16,2,0,7,0,0,168,1,11,23,18,0,160,100,0,100000,1000,0,15000,0,100,0,0,501400,1010,102200,16410,0,500000,0,0,0,2014,1,Nevada_2014,47849,44717,3135,0.065518610629271
230,Placer,1,4,16,16,5,13,3,10,3,5,44,6,78,46,1,0,1,0,0,0,0,14,16,6,19,1,5,1,4,483,3,463,50,23,2,14,0,7100,2900,1310,0,100,0,5600,0,0,1401600,200,16510,2300,0,0,1400000,0,0,2014,1,Placer_2014,175492,164492,10983,0.062584049415358
231,Plumas,0,0,1,0,1,2,0,0,0,0,3,0,7,0,0,0,0,0,0,0,0,0,0,0,0,0,0,0,0,0,0,0,0,0,0,0,0,0,1,0,301,0,0,0,0,0,600,0,902,0,0,0,0,0,0,2014,1,Plumas_2014,8098,7166,934,0.115337120276612
232,Riverside,4,6,12,9,5,15,3,7,0,4,38,3,46,53,6,1,0,0,0,2,10,8,9,2,10,101,6,0,1,184,39,82,151,2,1,136,0,200,0,600,2,0,0,10000,0,0,261000,4000,0,271802,4000,0,0,0,0,2014,0,Riverside_2014,1011117,928250,82858,0.081946995253764
233,Sacramento,1,0,1,2,0,2,0,2,0,0,5,2,3,10,2,0,0,0,0,0,0,2,3,0,3,0,26,0,0,56,4,0,93,0,0,1,0,0,0,50,0,0,0,0,0,0,0,2,0,52,0,0,0,0,0,2014,1,Sacramento_2014,679100,629508,49575,0.073001030776027
234,San Benito,1,0,1,0,0,4,0,3,0,0,1,1,4,7,0,0,0,0,0,0,0,0,0,0,12,0,3,0,0,6,3,0,15,0,0,9,0,0,500,0,0,100,0,1000,0,0,100,0,500,1200,0,0,0,0,0,2014,0,San Benito_2014,29175,26450,2717,0.093127677806341
235,San Bernardino,10,18,25,2,1,24,2,1,1,4,25,2,100,15,0,0,0,0,0,2,12,4,0,0,2,0,0,0,1,15,1,12,6,0,3,16,0,0,300,10,0,0,175,0,0,0,0,5000,485,5000,0,0,0,0,0,2014,0,San Bernardino_2014,905425,832958,72450,0.080017671259353
236,San Diego,4,6,12,2,2,21,0,11,0,2,66,19,83,56,3,2,1,0,0,1,0,10,1,2,18,0,6,0,1,857,31,304,159,1,0,463,0,0,0,2,0,150,0,0,0,0,606700,59302,34752,31402,0,0,600000,0,0,2014,0,San Diego_2014,1540717,1441750,98967,0.064234379188391
237,San Joaquin,0,0,0,2,0,0,0,0,0,0,3,1,3,1,2,0,0,0,0,0,0,0,0,0,0,0,0,0,0,18,12,0,30,0,0,0,0,0,0,0,0,0,0,0,0,0,0,0,0,0,0,0,0,0,0,2014,1,San Joaquin_2014,312058,279175,32867,0.105323369373642
238,San Luis Obispo,0,6,4,7,0,21,1,10,0,2,22,12,57,26,2,0,0,0,0,0,23,2,6,0,0,0,31,0,0,15,35,5,74,0,3,30,0,50,0,900,0,1000,0,0,0,0,1240,1000,1640,2550,0,0,0,0,0,2014,0,San Luis Obispo_2014,140242,132417,7817,0.055739364812253
239,San Mateo,0,0,1,0,0,1,1,2,0,0,6,1,8,4,0,0,0,0,0,0,0,0,0,0,0,2,5,0,0,1,1,5,4,0,0,0,0,0,0,0,0,2,0,100,0,0,40,0,42,100,0,0,0,0,0,2014,1,San Mateo_2014,426900,408908,18000,0.042164441321153
240,Santa Clara,2,3,0,5,0,2,1,3,0,3,13,5,21,13,2,1,0,0,0,23,0,0,5,0,0,150,0,0,1,7,83,82,185,0,0,2,0,0,0,1100,0,0,0,0,0,1550500,100,0,800,1550900,0,0,0,0,0,2014,1,Santa Clara_2014,989900,938917,51000,0.051520355591474
241,Santa Cruz,11,7,11,2,0,5,1,8,0,2,13,2,50,12,0,0,0,0,0,3,2,3,0,0,0,0,1,0,0,6,0,1,1,13,0,0,600,360,0,0,0,0,0,4000,0,0,0,0,3460,1500,0,0,0,0,0,2014,1,Santa Cruz_2014,142308,129850,12442,0.087430081232257
242,Shasta,15,6,38,15,17,15,4,4,0,6,24,20,86,73,4,0,0,0,1,9,2,56,74,5,3,2,5,0,4,82,12676,5,12817,8,8,80,1010,0,200100,504500,0,25000,0,0,0,0,5600,1541000,38110,371100,328000,0,0,0,1540000,2014,1,Shasta_2014,74867,67675,7200,0.096170542428573
243,Sierra,0,0,0,0,0,0,0,0,0,0,0,0,0,0,0,0,0,0,0,0,0,0,0,0,0,0,0,0,0,0,0,0,0,0,0,0,0,0,0,0,0,0,0,0,0,0,0,0,0,0,0,0,0,0,0,2014,1,Sierra_2014,1413,1272,142,0.100495399858457
244,Siskiyou,5,5,8,2,47,62,0,5,1,2,18,5,144,14,1,1,0,0,0,229,1,1,0,35,2,0,1,0,0,22,1,2,244,26,2,18,10300,0,200,0,0,61600,0,0,0,0,175300,150000,386100,1300,0,10000,0,0,0,2014,1,Siskiyou_2014,18004,16009,1995,0.110808709175739
245,Solano,0,0,2,3,0,3,0,0,0,0,3,1,8,2,2,0,0,0,0,0,0,1,92,0,0,0,0,0,0,1,0,1,93,0,0,0,0,0,1500,1000,0,0,0,0,0,0,0,8000,8000,1500,1000,0,0,0,0,2014,1,Solano_2014,202783,187533,15267,0.075287376160724
246,Sonoma,4,13,24,14,0,21,1,21,0,0,11,11,85,33,2,0,0,0,0,0,1,8,41,0,9,0,18,0,0,4,1,5,52,10,0,15,0,0,0,14350,0,600,0,5,0,0,0,0,7105,7850,0,0,0,0,0,2014,1,Sonoma_2014,256125,241792,14350,0.056027330405076
247,Sutter,0,0,0,0,0,0,0,0,0,0,0,0,0,0,0,0,0,0,0,0,0,0,0,0,0,0,0,0,0,0,0,0,0,0,0,0,0,0,0,0,0,0,0,0,0,0,0,0,0,0,0,0,0,0,0,2014,1,Sutter_2014,44283,38692,5583,0.126075469141657
248,Tehama,1,0,10,7,4,14,2,2,0,0,23,5,29,35,3,1,0,0,0,1,0,13,11,3,19,1,4,0,0,274,12,1,312,1,1,23,0,0,100,5200,5000,500,0,6000,0,0,35000,700,3000,17000,30500,2000,0,0,0,2014,1,Tehama_2014,25083,22674,2412,0.09616074632221
249,Tulare,10,2,4,4,0,5,0,3,0,1,10,6,27,14,3,1,0,0,0,65,7,1,2,0,1,0,178,0,1,16,50,0,318,1,0,2,91754,150000,0,1000,0,0,0,1000,0,0,0,0,1000,150000,92754,0,0,0,0,2014,0,Tulare_2014,198158,172150,26017,0.131294219764027
250,Tuolumne,5,1,17,5,3,16,2,9,0,0,31,5,55,32,5,1,1,0,0,5,1,9,3,11,2,0,22,0,0,121,551,10,665,7,2,41,404,0,3700,1000,2300,0,0,3204,0,0,433454,55301,3064,419499,23000,53800,0,0,0,2014,0,Tuolumne_2014,21576,19712,1868,0.086577678902484
251,W. San Joaquin,0,0,0,0,0,0,0,0,0,0,0,0,0,0,0,0,0,0,0,0,0,0,0,0,0,0,0,0,0,0,0,0,0,0,0,0,0,0,0,0,0,0,0,0,0,0,0,0,0,0,0,0,0,0,0,2014,1,W. San Joaquin_2014,,,,
252,W. Stanislaus,0,0,0,0,0,0,0,0,0,0,8,7,3,11,1,0,0,0,0,0,0,0,0,0,0,0,0,0,0,18,4,0,21,0,0,1,0,0,0,0,0,0,0,0,0,0,10000,0,0,0,10000,0,0,0,0,2014,1,W. Stanislaus_2014,240592,213725,26875,0.111703631043426
253,Yolo,0,0,0,6,0,3,0,2,0,1,4,1,7,8,1,0,1,0,0,0,0,0,23,0,2,0,3,0,1,1,370,0,398,0,0,2,0,0,0,0,0,302,0,0,0,0,0,10000,300,2,0,0,10000,0,0,2014,1,Yolo_2014,102242,94525,7692,0.075233270084701
254,Yuba,2,1,11,2,1,5,0,6,0,2,17,2,22,25,2,0,0,0,0,1,1,15,7,1,3,0,18,0,49,31,0,51,42,11,0,22,0,0,100,0,0,299000,0,21000,0,150000,3805,15000,17700,321205,150000,0,0,0,0,2014,1,Yuba_2014,27900,24767,3125,0.112007168458781
255,Alameda,0,1,2,5,2,4,0,6,0,0,21,9,14,26,8,1,0,1,0,0,0,0,33,43,5,0,272,0,0,2929,176,1,3347,0,110,0,0,0,0,3756,4275,400,0,85350,0,0,1675450,57000,0,76981,169000,60250,0,1520000,0,2015,1,Alameda_2015,819725,780850,38875,0.047424441123548
256,Amador,2,1,14,1,4,5,0,5,0,1,9,4,28,17,0,0,0,0,1,0,0,5,1,3,1,0,70870,0,0,11,1,2,70878,2,10,0,0,0,180,0,0,0,0,999999999,0,0,530,0,110,600,0,0,0,0,999999999,2015,1,Amador_2015,14328,13382,947,0.066094360692351
257,Butte,0,1,0,0,3,5,0,0,0,0,1,1,8,2,1,0,0,0,0,0,0,0,0,0,1,0,0,0,0,15,0,0,15,0,1,0,0,0,0,0,0,0,0,0,0,0,0,0,0,0,0,0,0,0,0,2015,1,Butte_2015,101158,93875,7258,0.071749144902035
258,Calaveras,2,1,32,13,8,21,1,7,0,1,26,10,72,45,4,1,0,0,0,0,0,36,26,8,5,1,49,0,0,17,151,21,111,11,148,2,0,0,19600,13000,8000,10110,100,8625,0,0,64643,15416,10880,115592,13022,0,0,0,0,2015,0,Calaveras_2015,20568,19254,1310,0.063691170750681
259,Colusa,1,0,0,2,0,2,0,2,0,0,2,0,5,3,1,0,0,0,0,0,0,0,6,0,70,0,1,0,0,2,0,0,79,0,0,0,0,0,0,0,0,50,0,6500,0,0,1,0,50,6501,0,0,0,0,0,2015,1,Colusa_2015,11052,9354,1700,0.153818313427434
260,Contra Costa,11,2,1,5,0,3,0,8,0,0,10,3,23,14,5,1,0,0,0,7,1,0,269,0,46,0,6,0,0,31,3,0,363,0,0,0,1420,0,0,47950,0,3500,0,5000,0,0,1360,0,2260,5970,12000,39000,0,0,0,2015,1,Contra Costa_2015,545083,517683,27408,0.050282250593029
261,Del Norte,3,4,4,0,1,5,1,0,0,0,4,0,16,6,0,0,0,0,0,0,2,0,0,1,1,1,0,0,0,1,0,0,1,5,0,0,0,500,0,0,0,0,0,0,0,0,0,0,0,500,0,0,0,0,0,2015,1,Del Norte_2015,9861,9020,842,0.085386877598621
262,E. San Joaquin,0,0,0,4,0,1,0,0,0,0,3,2,3,7,0,0,0,0,0,0,0,0,17,0,2,0,0,0,0,1,3,0,23,0,0,0,0,0,0,2025,0,400,0,0,0,0,150,600,75,3100,0,0,0,0,0,2015,0,E. San Joaquin_2015,,,,
263,E. Stanislaus,4,5,0,1,1,4,0,6,0,0,6,3,9,17,4,0,0,0,0,20,4,0,3,0,36,0,44,0,0,6,4,0,111,0,6,0,2800,0,0,1000,0,1800,0,9380,0,0,350,12000,50,15900,11380,0,0,0,0,2015,0,E. Stanislaus_2015,241117,218250,22883,0.094904133677841
264,E. Trinity,3,1,5,3,8,7,0,0,0,0,6,0,19,10,2,1,0,1,0,2,0,15,29,3263,129,0,0,0,0,1,0,14,3,31,3391,0,0,0,0,0,0,10400,0,0,0,0,0,0,400,10000,0,0,0,0,0,2015,1,E. Trinity_2015,5144,4745,399,0.077566096423017
265,El Dorado,9,4,50,19,12,35,5,17,0,4,38,12,138,61,4,2,0,0,0,17,1,114,18,65,9,1,25,0,0,115,11,33,160,7,75,101,0,100,395,5770,2,14050,120,0,0,14000,2540,150,28915,8212,0,0,0,0,0,2015,1,El Dorado_2015,87958,82942,5025,0.057129539098206
266,Fresno,35,3,8,10,20,7,0,12,0,1,12,7,52,55,7,1,0,0,0,220,1,12,12,59,18,0,27,0,9,14,21,18,329,8,32,6,900,0,0,0,500,375,0,2300,0,0,1600,6000,2300,7775,1600,0,0,0,0,2015,0,Fresno_2015,440517,395650,44883,0.101887100838333
267,Glenn,0,0,0,0,0,2,0,0,0,0,1,3,3,3,0,0,0,0,0,0,0,0,0,0,0,0,0,0,0,1,2,0,2,0,1,0,0,0,0,0,0,250,0,0,0,0,0,0,250,0,0,0,0,0,0,2015,1,Glenn_2015,12972,11842,1130,0.087110699969164
268,Humboldt,57,12,16,3,55,27,3,25,0,1,53,10,179,69,9,2,2,1,0,363,4,4,18,3206,4,0,6,0,2,42,6,311,30,667,2647,0,8000060,0,2,55000,57400,571002,0,2,0,0,100500,2,111013,2575555,5040000,1000000,21900,35500,0,2015,1,Humboldt_2015,62333,58842,3475,0.055748961224392
269,Inyo,0,1,1,0,1,0,0,1,0,1,5,2,9,2,0,0,0,0,1,0,0,0,0,0,0,0,1,0,0,7001,0,1,1,0,7000,0,0,0,0,0,0,0,0,3000,0,0,15811560,5000,5000,3000,0,0,0,0,15811560,2015,0,Inyo_2015,9088,8565,528,0.058098591549296
270,Kings,0,0,0,0,0,0,0,0,0,0,2,0,0,2,0,0,0,0,0,0,0,0,0,0,0,0,0,0,0,2,0,0,2,0,0,0,0,0,0,0,0,0,0,0,0,0,0,0,0,0,0,0,0,0,0,2015,0,Kings_2015,57767,51692,6067,0.105025360499939
271,Lake,9,0,10,8,0,7,2,8,0,2,24,5,42,26,2,1,1,0,3,1,0,4,70611,0,11,0,76069,0,0,25151,2,977,43,145709,25120,0,1000,0,520,7755841,0,225000,0,2000000198,0,500,10001030,0,550,227700,36000,25000,0,0,2017694839,2015,1,Lake_2015,29029,26824,2202,0.075855179303455
272,Lassen,3,2,3,2,43,6,0,0,0,0,6,2,54,10,3,0,0,0,0,0,0,0,0,98,77,0,0,0,0,40,0,48,90,4,72,1,0,0,0,400,1010,0,0,0,0,0,1000,100,1510,1000,0,0,0,0,0,2015,1,Lassen_2015,10768,9991,778,0.072251114413076
273,Madera,7,2,17,7,1,4,4,7,0,0,16,9,50,21,1,1,1,0,0,8,0,142,54,0,0,3,921,0,0,4,19,1,1143,3,0,4,400,600,35000,0,0,0,0,56020,0,0,100,9201,6820,44501,0,0,50000,0,0,2015,0,Madera_2015,59842,53542,6275,0.104859463253234
274,Mariposa,4,2,20,5,1,5,0,0,0,1,4,2,24,18,2,0,0,0,0,4,1,7,32,1,5,0,0,0,0,1,62,0,44,3,63,3,500,200,0,0,0,0,0,0,0,0,300,0,1000,0,0,0,0,0,0,2015,0,Mariposa_2015,8018,7446,573,0.071464205537541
275,Mendocino,6,11,42,5,5,14,1,12,2,2,25,14,91,45,2,1,0,0,0,9,1,262,7,20,7,1,16,2,0,36,3,3,56,273,23,9,3000,0,3870,12500,0,272381,0,11101,0,40,910,24212,45081,282933,0,0,0,0,0,2015,1,Mendocino_2015,39863,37547,2317,0.058124074956727
276,Merced,4,0,0,0,1,2,0,1,0,0,5,6,1,14,1,0,1,2,0,23,0,0,0,1600,11,0,3,0,0,8,2144,2,3782,0,5,0,600,0,0,0,100000,600000,0,0,0,0,1300,20,20,601900,0,0,0,100000,0,2015,0,Merced_2015,114108,101142,12958,0.113559084376205
277,Modoc,0,0,0,1,9,0,0,0,2,0,4,0,10,4,1,1,0,0,0,0,0,0,60,122,0,0,0,1,0,1,0,62,0,121,1,0,0,0,0,0,4,0,0,0,0,0,0,0,4,0,0,0,0,0,0,2015,1,Modoc_2015,3306,3024,283,0.085601935874168
278,Monterey,1,0,5,4,9,5,1,10,0,1,11,7,30,22,1,0,0,1,0,0,0,12,5,69,3,3,4,0,0,1104,6,1102,30,1,67,6,10000000,0,500,100,200,1500,0,1200,0,200,0,2010,3110,2600,0,0,0,10000000,0,2015,0,Monterey_2015,218375,200700,17658,0.080860904407556
279,Napa,0,3,12,3,2,6,0,9,0,0,15,1,32,14,4,0,0,0,1,0,2,2,1,2,17,0,45,0,0,8103,1,8092,77,2,2,0,0,0,0,0,0,7000,0,50000,0,0,220310,0,310,77000,0,0,0,0,200000,2015,1,Napa_2015,73775,70375,3425,0.046424940698069
280,Nevada,12,1,28,7,13,13,1,14,0,1,25,4,87,28,2,1,0,1,0,11,0,9,36,3,106,0,4,0,0,2325,2,16,2352,4,22,102,0,0,10000,20000,0,0,2,400,0,0,12000,0,11402,10000,21000,0,0,0,0,2015,1,Nevada_2015,48046,45442,2604,0.054198060192316
281,Placer,4,2,24,11,12,11,3,9,1,0,40,8,78,45,2,0,0,0,0,2,0,13,26,6,12,1,10,0,0,124,5,3,81,13,100,2,0,0,231001,7000,2700,1000,2,16150,0,0,15300,16201,19154,255200,15000,0,0,0,0,2015,1,Placer_2015,176500,167567,8933,0.050611898016997
282,Plumas,2,0,1,0,8,1,0,0,0,0,1,0,11,2,0,0,0,0,0,0,0,0,0,2,0,0,0,0,0,0,0,0,0,2,0,0,0,0,0,0,300,0,0,0,0,0,0,0,300,0,0,0,0,0,0,2015,1,Plumas_2015,7896,7086,811,0.102710233029382
283,Riverside,4,12,18,8,2,16,5,5,0,3,40,7,85,30,4,0,0,1,0,0,81,3,1063,0,20,1,3,0,0,59,26,1072,81,0,103,0,0,100,37,24000,0,1000,0,11,0,0,8500,1500,2637,32511,0,0,0,0,0,2015,0,Riverside_2015,1034250,965000,69258,0.066964467005076
284,Sacramento,1,0,1,1,0,3,1,2,0,0,4,3,5,8,0,2,1,0,0,357,0,0,3,0,236,0,0,0,0,8,2,0,606,0,0,0,0,0,0,0,0,0,0,0,0,0,0,100,0,100,0,0,0,0,0,2015,1,Sacramento_2015,685133,644067,41067,0.059940186795848
285,San Benito,2,0,1,9,1,1,0,3,0,0,5,2,10,12,1,0,1,0,0,0,0,9,51,4,2,0,695,0,0,2,6,701,63,5,0,0,0,0,0,10620,0,0,0,5000,0,0,0,0,0,15045,575,0,0,0,0,2015,0,San Benito_2015,29767,27533,2242,0.075318305506097
286,San Bernardino,3,9,9,2,3,28,4,0,0,0,26,3,66,20,1,0,0,0,0,1,2,3,1,0,3,2,0,0,0,41,0,38,10,1,3,1,0,0,0,200,0,2,65000,0,0,0,900,0,20400,45702,0,0,0,0,0,2015,0,San Bernardino_2015,919967,860775,59200,0.064350134298296
287,San Diego,0,3,16,9,6,17,3,6,0,0,47,3,76,30,3,1,0,0,0,0,2,4,7,2,10,0,3,0,0,201,0,63,144,3,19,0,0,0,0,0,0,0,30000,11407,0,0,88050,15500,58407,550,86000,0,0,0,0,2015,0,San Diego_2015,1550058,1469467,80583,0.051987086934812
288,San Joaquin,0,0,0,1,0,1,0,1,0,0,2,1,2,3,1,0,0,0,0,0,0,0,0,0,60,0,2,0,0,2,1,0,64,0,1,0,0,0,0,0,0,0,0,0,0,0,0,0,0,0,0,0,0,0,0,2015,1,San Joaquin_2015,314600,286625,27958,0.08886840432295
289,San Luis Obispo,1,10,7,15,7,42,1,11,0,1,11,28,85,43,4,0,0,2,0,0,3,24,11,4,110,0,11,0,0,7,4293,1890,2535,4,34,0,0,100,0,0,20000,440400,0,15100,0,0,0,924300,440800,39100,0,0,0,920000,0,2015,0,San Luis Obispo_2015,139042,132458,6575,0.047287869852275
290,San Mateo,0,1,0,2,1,0,0,2,0,1,9,1,9,7,1,0,0,0,0,0,0,0,4,0,0,0,7,0,1,15,10,0,35,1,1,0,0,0,0,200,300,0,0,2,0,0,100,0,302,300,0,0,0,0,0,2015,1,San Mateo_2015,434650,419825,14850,0.034165420453238
291,Santa Clara,1,0,2,7,1,9,0,6,0,0,26,6,30,25,3,0,0,0,0,7,1,0,307,44,56,0,287,0,0,3204,213,42,122,3,16,0,0,0,0,494,0,100,0,0,0,0,10580,100,400,3374,7500,0,0,0,0,2015,1,Santa Clara_2015,1013150,971125,42033,0.041487440161871
292,Santa Cruz,7,2,2,4,0,6,0,8,0,1,13,3,40,6,0,0,0,0,0,1,0,0,0,0,2,0,4,0,0,3,0,1,3,5,1,0,105,0,0,500,0,0,0,900,0,0,3002,5500,9107,900,0,0,0,0,0,2015,1,Santa Cruz_2015,143333,132592,10733,0.074881569492022
293,Shasta,35,5,23,13,27,13,5,6,0,2,31,10,106,53,9,2,0,0,0,9,2,28,123,91,69,3,16,0,1,178,248,6,370,58,255,79,200,200,30000,58800,100,10050,3000,0,0,0,413371,301600,31080,71241,415000,300000,0,0,0,2015,1,Shasta_2015,74167,68408,5750,0.077527741448353
294,Sierra,0,0,0,0,1,0,0,0,0,0,0,0,0,1,0,0,0,0,0,0,0,0,0,1,0,0,0,0,0,0,0,0,0,1,0,0,0,0,0,0,0,0,0,0,0,0,0,0,0,0,0,0,0,0,0,2015,1,Sierra_2015,1362,1243,119,0.087371512481645
295,Siskiyou,4,5,20,7,48,63,1,5,0,0,26,2,151,25,4,0,1,0,0,0,1,7,4,476,1,0,1,0,0,25,0,3,468,11,31,2,3650,0,2200,1250,1185,600,0,56001,0,0,4020,0,59721,8000,0,0,1185,0,0,2015,1,Siskiyou_2015,17893,16220,1676,0.093667914827027
296,Solano,1,0,2,1,0,4,0,0,0,0,7,3,8,7,2,1,0,0,0,4,0,0,0,0,1,0,0,0,0,31,155,150,38,1,2,0,0,0,40,0,0,300,0,0,0,0,5000,15000,340,5000,0,15000,0,0,0,2015,1,Solano_2015,205025,192458,12550,0.061212047311304
297,Sonoma,2,10,28,13,0,25,1,17,0,3,30,27,116,35,5,0,0,0,0,0,2,2,42,0,5,0,5,0,0,58,15,1,119,5,3,1,0,0,0,10700,0,1350500,0,25600,0,0,5000,200,116600,1273300,2100,0,0,0,0,2015,1,Sonoma_2015,257900,246325,11575,0.044881737107406
298,Sutter,0,0,0,0,0,0,0,0,0,0,0,0,0,0,0,0,0,0,0,0,0,0,0,0,0,0,0,0,0,0,0,0,0,0,0,0,0,0,0,0,0,0,0,0,0,0,0,0,0,0,0,0,0,0,0,2015,1,Sutter_2015,44758,39958,4775,0.106684838464632
299,Tehama,2,2,7,4,6,10,1,4,0,1,27,10,30,34,9,1,0,0,0,16,1,18,9,22,60,5,99,0,0,270,36,104,183,2,247,0,0,0,3450,800,1000,53600,2000,51000,0,0,219050,502550,2900,519150,111400,200000,0,0,0,2015,1,Tehama_2015,25039,23058,1979,0.07903670274372
300,Tulare,5,0,1,5,17,12,0,7,0,0,20,3,21,42,6,0,1,0,0,6,0,0,36,629,23,0,2,0,0,43,1,32,662,1,3,42,45,0,0,500,1000,175201,0,2,0,0,20,0,2,175266,1500,0,0,0,0,2015,0,Tulare_2015,202200,178717,23508,0.116261127596439
301,Tuolumne,3,1,13,10,6,16,0,8,0,1,21,4,51,25,4,3,0,0,0,0,0,209,72,0,54,0,6,0,0,117,110,3,42,103,214,206,20,0,920,22247,0,12400,0,336,0,0,4,26000,5816,13909,20200,22002,0,0,0,2015,0,Tuolumne_2015,21548,20028,1519,0.070493781325413
302,W. San Joaquin,0,0,0,0,0,1,0,0,0,0,5,2,2,5,1,0,0,0,0,0,0,0,0,0,1,0,0,0,0,41,10,0,52,0,0,0,0,0,0,0,0,150,0,0,0,0,40,1000,40,1150,0,0,0,0,0,2015,1,W. San Joaquin_2015,,,,
303,W. Stanislaus,0,0,0,0,0,1,0,0,0,0,3,4,1,4,3,0,0,0,0,0,0,0,0,0,1,0,0,0,0,44,18,0,29,30,4,0,0,0,0,0,0,0,0,0,0,0,0,800,0,0,800,0,0,0,0,2015,1,W. Stanislaus_2015,241117,218250,22883,0.094904133677841
304,Yolo,1,0,2,2,0,1,0,0,0,1,6,5,11,6,0,1,0,0,0,0,0,3,4,0,0,0,0,0,0,107,0,4,110,0,0,0,0,0,0,60000,0,0,0,0,0,0,7500,0,67500,0,0,0,0,0,0,2015,1,Yolo_2015,104242,97508,6717,0.064436599451277
305,Yuba,2,1,7,9,2,7,0,2,0,1,10,5,30,14,2,0,0,0,0,1,2,4,2,1,22,0,5,0,0,32,3,0,41,1,30,0,0,0,0,2600,0,20,0,250000,0,0,0,0,2600,250000,20,0,0,0,0,2015,1,Yuba_2015,27750,25167,2575,0.092792792792793
306,Alameda,0,0,0,4,0,4,0,8,0,0,16,7,10,20,9,0,0,0,0,0,0,0,20,0,1,0,70,0,0,39,40,0,164,0,0,6,0,0,0,1200,0,0,0,11300,0,0,9910,10000,0,14700,17710,0,0,0,0,2016,1,Alameda_2016,832442,796742,35708,0.042895481006485
307,Alpine,0,0,0,0,0,0,0,0,0,0,0,0,0,0,0,0,0,0,0,0,0,0,0,0,0,0,0,0,0,0,0,0,0,0,0,0,0,0,0,0,0,0,0,0,0,0,0,0,0,0,0,0,0,0,0,2016,1,Alpine_2016,556,520,39,0.070143884892086
308,Amador,2,0,17,7,1,7,0,6,0,3,5,9,29,21,6,1,0,0,0,3,0,8,41,3,18,0,2,0,0,260,48,0,118,6,1,258,0,0,0,700,0,200000,0,6000,0,70,20000,80300,6070,281000,0,20000,0,0,0,2016,1,Amador_2016,14536,13671,864,0.059438635112823
309,Butte,0,0,0,0,0,0,0,0,0,0,0,0,0,0,0,0,0,0,0,0,0,0,0,0,0,0,0,0,0,0,0,0,0,0,0,0,0,0,0,0,0,0,0,0,0,0,0,0,0,0,0,0,0,0,0,2016,1,Butte_2016,101725,94983,6725,0.0661096092406
310,Calaveras,1,3,22,14,0,12,2,9,0,1,21,9,54,28,9,0,3,0,0,0,0,13,540,0,8,0,344,0,0,92,456,372,1046,2,1,32,0,0,1270,286300,0,1077,0,1400,0,20,24786,90156,2761,5248,57000,0,340000,0,0,2016,1,Calaveras_2016,20814,19632,1181,0.056740655328145
311,Colusa,1,1,0,0,0,0,0,0,0,0,0,2,3,1,0,0,0,0,0,6,0,0,0,0,0,0,0,0,0,0,1,0,7,0,0,0,0,0,0,0,0,0,0,0,0,0,0,0,0,0,0,0,0,0,0,2016,1,Colusa_2016,10911,9215,1697,0.15553111538814
312,Contra Costa,0,0,0,6,0,1,0,4,0,0,15,2,13,10,5,0,0,0,0,0,0,0,9,0,7,0,57,0,0,148,3,0,224,0,0,0,0,0,0,1700,0,0,0,250,0,0,9500,0,50,1900,9500,0,0,0,0,2016,1,Contra Costa_2016,553642,528875,24758,0.044718428153933
313,Del Norte,7,2,1,1,1,0,1,0,0,0,14,1,23,4,0,1,0,0,0,1,0,0,1,0,0,0,0,0,0,103,0,0,2,1,0,102,0,0,0,0,0,0,0,0,0,0,0,0,0,0,0,0,0,0,0,2016,1,Del Norte_2016,9761,9028,734,0.075197213400266
314,El Dorado,27,4,34,20,0,11,0,15,0,1,41,16,115,49,4,1,0,0,0,25,0,19,94,0,2,0,206,0,1,21,3,6,62,179,5,119,850,0,2550,80000,0,32250,0,50170,0,0,60200,4995,13665,217350,0,0,0,0,0,2016,1,El Dorado_2016,88892,84325,4583,0.051556945506907
315,Fresno,27,1,14,5,4,10,0,18,0,1,20,6,56,37,3,7,0,2,1,9507,1,6,3,150,24,0,152,0,123,3422,180,10160,3401,1,2,4,758025,0,2020,0,0,1,0,3656,0,25000,17200,7015,135,10201,2000,36556,0,185275,578750,2016,0,Fresno_2016,444983,402733,42250,0.094947447430576
316,Glenn,1,0,0,1,0,0,0,0,0,0,1,3,4,2,0,0,0,0,0,0,0,0,0,0,0,0,0,0,0,1,0,0,1,0,0,0,0,0,0,0,0,0,0,0,0,0,0,0,0,0,0,0,0,0,0,2016,1,Glenn_2016,12958,11878,1079,0.083269022997376
317,Humboldt,12,6,11,4,0,20,2,10,0,0,31,9,72,28,4,0,1,0,0,601,3,6,22,0,13,0,7,0,0,100,16,1,19,681,0,67,347901,0,0,705000,0,61000,0,270617,0,0,210550,0,13550,318617,915000,0,347901,0,0,2016,1,Humboldt_2016,62467,59392,3075,0.049225991323419
318,Imperial,0,0,0,0,0,0,0,0,0,0,0,0,0,0,0,0,0,0,0,0,0,0,0,0,0,0,0,0,0,0,0,0,0,0,0,0,0,0,0,0,0,0,0,0,0,0,0,0,0,0,0,0,0,0,0,2016,1,Imperial_2016,75217,57050,18158,0.241408192296954
319,Inyo,0,2,1,1,0,1,1,0,0,0,9,0,9,5,0,1,0,0,0,0,0,0,1,0,0,0,0,0,0,109,0,107,3,0,0,0,0,0,0,0,0,0,0,0,0,0,350,0,0,350,0,0,0,0,0,2016,0,Inyo_2016,8866,8397,468,0.052785923753666
320,Kings,0,0,0,0,0,0,0,0,0,1,1,0,2,0,0,0,0,0,0,0,0,0,0,0,0,0,0,0,0,0,0,0,0,0,0,0,0,0,0,0,0,0,0,0,0,0,0,0,0,0,0,0,0,0,0,2016,0,Kings_2016,57192,51492,5700,0.099664288711708
321,Lake,16,1,5,6,0,6,0,13,0,2,20,5,53,14,6,0,0,1,0,3979,0,2,29,0,2,0,18,0,0,3,8,15,4002,2,0,22,105260000,0,0,150000,0,142728,0,3300,0,0,23000,0,168728,300,410000,0,0,105000000,0,2016,1,Lake_2016,29088,27133,1954,0.067175467546755
322,Lassen,2,2,8,1,4,3,0,0,0,0,6,5,18,11,1,0,0,1,0,1,1,4,5,5,1,0,0,0,0,2577,37,11,2,2608,3,7,0,0,0,0,0,110100,0,0,0,0,400000,205200,200300,110000,5000,0,0,400000,0,2016,1,Lassen_2016,10371,9650,720,0.069424356378363
323,Madera,5,0,11,11,1,27,0,4,0,1,6,15,39,36,5,1,0,0,0,2,0,41,189,0,105,0,8,0,2,82,70,0,302,1,188,8,10600,0,268350,15000,0,100,0,1525,0,0,1450,2900,10850,4775,284300,0,0,0,0,2016,0,Madera_2016,61092,55433,5642,0.092352517514568
324,Mariposa,2,0,15,7,0,5,1,3,0,0,13,14,25,33,2,0,0,0,0,1,0,12,33,0,1,0,4,0,0,52,22,1,100,2,0,22,0,0,310,1000,0,1000,0,0,0,0,44100,2000,1310,43200,3900,0,0,0,0,2016,0,Mariposa_2016,7575,7054,520,0.068646864686469
325,Mendocino,7,5,24,9,0,15,1,14,1,0,29,13,84,29,5,0,0,0,0,1,18,6,50,0,9,0,7,1,0,12,102,2,166,4,1,33,0,0,500,101002,0,5620,0,153502,0,0,152788,280022,180746,252688,260000,0,0,0,0,2016,1,Mendocino_2016,39644,37555,2090,0.052719200887902
326,Merced,0,1,3,1,0,2,0,2,0,0,20,6,12,15,7,0,0,1,0,0,33,12,5,0,5,0,37,0,0,52,1353,0,1496,0,0,1,0,0,1000,10000,0,0,0,150000,0,0,1900,14600,1200,10200,161100,0,0,5000,0,2016,0,Merced_2016,114383,102300,12075,0.105566386613395
327,Modoc,0,0,0,1,1,2,0,0,1,0,2,1,4,3,0,0,1,0,0,0,0,0,0,0,5,0,0,380,0,1,2,4,1,1,0,382,0,0,0,0,1,1,0,0,2,0,150000,0,2,150000,0,0,2,0,0,2016,1,Modoc_2016,3294,3038,257,0.078020643594414
328,Mono,0,0,0,0,0,0,0,0,0,0,0,0,0,0,0,0,0,0,0,0,0,0,0,0,0,0,0,0,0,0,0,0,0,0,0,0,0,0,0,0,0,0,0,0,0,0,0,0,0,0,0,0,0,0,0,2016,1,Mono_2016,8372,7924,449,0.053631151457239
329,Monterey,5,2,3,3,0,6,1,12,0,1,14,11,26,23,5,2,0,1,1,6,132127,3877,7,0,55,0,9,0,0,236,307,227,4259,132127,1,10,1000,10345582,776200,800,0,3200,0,101,0,0,84400,11000,6401,11600,500,83000,0,775200,10345582,2016,0,Monterey_2016,218892,202158,16733,0.076444091149974
330,Napa,4,1,2,2,0,6,1,8,0,0,17,5,26,17,3,0,0,0,0,2,0,0,6,0,1,0,3,0,0,120,7,54,81,1,0,3,0,0,0,0,0,0,0,120,0,0,100000,200000,120,200000,100000,0,0,0,0,2016,1,Napa_2016,72992,69867,3133,0.042922512056116
331,Nevada,7,10,26,11,1,16,2,10,0,0,35,7,104,21,0,0,0,0,0,12,1,6,6,0,4,0,1,0,0,14,0,5,22,3,4,10,16,0,300,70,0,1049627,100,2002,0,0,28306,500,603762,477159,0,0,0,0,0,2016,1,Nevada_2016,48182,45881,2303,0.047797932837989
332,Placer,5,10,31,16,2,13,2,9,0,4,33,8,96,35,1,0,0,0,1,1,2,6,21,0,8,2,8,0,2,5669,3,3,59,5649,2,9,0,0,16200,207000,0,200,350,2250,0,100,16100,0,27350,214850,0,0,0,0,0,2016,1,Placer_2016,179758,171708,8075,0.044921505579724
333,Plumas,0,0,1,1,1,0,0,0,0,0,1,0,4,0,0,0,0,0,0,0,0,0,0,0,0,0,0,0,0,0,0,0,0,0,0,0,0,0,0,0,0,0,0,0,0,0,0,0,0,0,0,0,0,0,0,2016,1,Plumas_2016,7853,7093,764,0.097287660766586
334,Riverside,13,7,6,5,2,22,5,5,0,1,63,4,84,42,3,3,0,1,0,216,7,1,2,1,11,1,1,0,10,1835,3,166,1724,3,0,195,0,0,0,600,0,1020,0,0,0,0,2000,0,2000,620,0,1000,0,0,0,2016,0,Riverside_2016,1052367,988067,64292,0.061092755664136
335,Sacramento,2,0,0,4,0,1,1,3,0,0,7,3,11,6,3,0,1,0,0,0,0,0,79,0,0,2,87,0,0,2,372,1,509,0,0,32,0,0,0,1200,0,0,0,0,0,0,1,20000,0,1201,0,0,20000,0,0,2016,1,Sacramento_2016,694475,656950,37542,0.054058101443537
336,San Benito,1,0,1,5,0,6,0,3,0,0,2,5,10,9,4,0,0,0,0,0,0,1,89,0,174,0,1,0,0,0,7,98,91,0,0,83,0,0,1000,100,0,20500,0,8000,0,0,0,2,0,29102,500,0,0,0,0,2016,0,San Benito_2016,30450,28425,2025,0.066502463054187
337,San Bernardino,4,15,10,2,3,21,0,6,1,0,30,5,81,16,0,0,0,0,0,0,0,3,2,3,2,0,1,0,0,8,0,4,7,3,1,4,0,0,200,0,0,604045,0,20000,0,0,5000,0,624045,5200,0,0,0,0,0,2016,0,San Bernardino_2016,930900,877175,53725,0.057712965946933
338,San Diego,10,7,14,8,5,17,2,16,0,3,36,13,87,37,5,1,0,0,1,7,2,4,22,5,33,0,12,0,1,7794,83,7873,41,9,0,40,0,0,0,15210,0,23700,0,0,0,0,3833850,414000,178210,285700,4500,0,0,0,3818350,2016,0,San Diego_2016,1564342,1490500,73858,0.047213460995102
339,San Francisco,0,0,0,0,0,0,0,0,0,0,0,0,0,0,0,0,0,0,0,0,0,0,0,0,0,0,0,0,0,0,0,0,0,0,0,0,0,0,0,0,0,0,0,0,0,0,0,0,0,0,0,0,0,0,0,2016,1,San Francisco_2016,555758,537450,18300,0.032928001036422
340,San Joaquin,0,0,0,1,0,0,0,1,1,0,7,3,4,6,1,2,0,0,0,0,0,0,5,0,0,0,0,1,0,223,149,0,378,0,0,0,0,0,0,900,0,0,0,0,0,0,1036,0,0,1800,0,136,0,0,0,2016,1,San Joaquin_2016,318517,292633,25875,0.081235852403482
341,San Luis Obispo,8,7,13,20,0,22,0,17,0,3,37,19,71,65,8,1,0,0,1,10,2,13,92,0,20,0,67,0,4,255,46342,103,431,1,46236,34,700,0,0,21300,0,0,0,23460,0,200,7300,12162751,3100,54560,3000,2500,0,0,12152551,2016,0,San Luis Obispo_2016,139583,133550,6033,0.043221595753065
342,San Mateo,0,2,1,1,0,7,0,3,0,2,5,2,17,5,1,0,0,0,0,0,0,3,0,0,1,0,2,0,0,13,1,0,17,3,0,0,0,15000,0,0,0,200,0,0,0,0,0,5000,15200,5000,0,0,0,0,0,2016,1,San Mateo_2016,442142,428675,13475,0.030476634203491
343,Santa Clara,0,1,2,4,0,5,0,1,0,2,17,5,19,13,2,2,0,1,0,0,0,3,129,0,103,0,25,0,0,4488,8,4504,237,1,0,14,0,0,3500,500,0,200,0,50000,0,0,220002,1020,3700,1022,50000,500,0,220000,0,2016,1,Santa Clara_2016,1028708,989933,38775,0.037692911885589
344,Santa Cruz,2,3,1,2,0,3,0,8,0,0,11,2,29,3,0,0,0,0,0,0,0,0,1,0,2,0,1,0,0,1,10,1,12,1,0,1,0,2,100,300,0,0,0,1000,0,0,201,7000,6603,2000,0,0,0,0,0,2016,1,Santa Cruz_2016,143842,133867,10000,0.069520724127863
345,Shasta,13,5,24,6,9,14,2,7,0,3,22,9,64,44,5,0,1,0,0,311,1,42,2,2,27,0,7,0,1,47,40,7,115,3,15,340,52000,0,12211,100500,0,40000,0,0,0,0,700,10300,112500,48701,2510,0,52000,0,0,2016,1,Shasta_2016,74250,69083,5167,0.069589225589226
346,Sierra,0,0,0,0,0,0,0,0,0,0,0,0,0,0,0,0,0,0,0,0,0,0,0,0,0,0,0,0,0,0,0,0,0,0,0,0,0,0,0,0,0,0,0,0,0,0,0,0,0,0,0,0,0,0,0,2016,1,Sierra_2016,1336,1233,102,0.076347305389222
347,Siskiyou,3,8,20,5,21,59,1,10,1,3,22,7,137,18,4,0,1,0,0,0,2,9,2,8,1,29,713,28,0,31,21,1,831,6,5,1,200,0,500,501,0,1500,500,286411,1300,0,4800,0,5801,1900,1800,0,286211,0,0,2016,1,Siskiyou_2016,17906,16387,1522,0.08499944152798
348,Solano,0,0,0,4,0,0,0,2,0,0,3,2,4,5,2,0,0,0,0,0,0,0,4,0,0,0,0,0,0,68,1,0,72,0,0,1,0,0,0,1002,0,0,0,100,0,0,2001,0,100,1003,2000,0,0,0,0,2016,1,Solano_2016,207408,196008,11417,0.055046092725449
349,Sonoma,8,10,7,12,0,21,2,13,0,0,27,21,88,31,1,0,0,1,0,3,0,1,12,0,1559,1,4,0,0,42,10,3,74,6,0,1549,0,0,0,502,0,116002,0,1000,0,0,503902,43700,126100,539006,0,0,0,0,0,2016,1,Sonoma_2016,259425,249100,10317,0.03976871928303
350,Stanislaus,0,1,0,1,1,1,0,2,0,0,10,2,7,5,5,1,0,0,0,0,8,0,1,3,0,0,30,0,0,207,32,1,280,0,0,0,0,1600,0,100,0,0,0,4500,0,0,2250,100,100,1700,5750,1000,0,0,0,2016,1,Stanislaus_2016,242883,221992,20925,0.086152591988735
351,Sutter,0,0,0,0,0,0,0,0,0,0,0,0,0,0,0,0,0,0,0,0,0,0,0,0,0,0,0,0,0,0,0,0,0,0,0,0,0,0,0,0,0,0,0,0,0,0,0,0,0,0,0,0,0,0,0,2016,1,Sutter_2016,45008,40642,4367,0.097027195165304
352,Tehama,2,1,5,13,2,5,0,9,0,0,19,3,31,19,7,0,2,0,0,0,0,3,110,0,16,0,798,0,0,93,90,10,1096,4,0,0,0,0,200,7850,0,200,0,371000,0,0,34000,21000,7950,407800,13500,0,5000,0,0,2016,1,Tehama_2016,25088,23302,1785,0.071149553571429
353,Trinity,0,0,4,0,0,0,0,4,0,1,6,3,14,4,0,0,0,0,0,0,0,1,0,0,0,0,1,0,0,1,1,0,2,0,0,2,0,0,0,0,0,0,0,0,0,0,0,0,0,0,0,0,0,0,0,2016,1,Trinity_2016,4998,4642,354,0.070828331332533
354,Tulare,28,1,6,3,1,4,1,5,0,1,14,7,18,46,7,0,0,0,0,72,0,2,28,0,1,0,62,0,0,54,10,0,198,1,1,29,0,2,0,1750,500,0,0,4000,0,0,2,2410,502,2662,5500,0,0,0,0,2016,0,Tulare_2016,203392,180667,22733,0.111769391126495
355,Tuolumne,1,0,21,8,2,8,3,6,0,2,20,8,48,27,3,0,0,1,0,0,0,4,27,2,84,10,32,0,0,8,1095,1092,148,7,9,6,0,0,601,4100,0,0,20750,4102,0,0,6260,4550,7461,28902,4000,0,0,0,0,2016,0,Tuolumne_2016,21581,20241,1343,0.062230665863491
356,Yolo,0,0,6,4,0,0,0,4,0,0,6,2,12,7,1,1,0,0,1,0,0,5,89,0,0,0,2,0,0,6008,1,0,372,0,0,5733,0,0,1600,200,0,0,0,100,0,0,5000000,0,0,1900,0,0,0,0,5000000,2016,1,Yolo_2016,106133,99900,6242,0.058812998784544
357,Yuba,4,2,10,10,0,5,1,0,0,1,26,2,29,25,6,0,1,0,0,0,1,4,36,0,413,0,0,0,1,93,54,2,596,1,2,1,0,0,4,0,0,0,0,0,0,171000,26016,0,17000,177020,3000,0,0,0,0,2016,1,Yuba_2016,28183,25750,2425,0.086044778767342
